1.080621426584604805e-03,8.284872511480356749e-04,6.978178123318690140e-03,-7.276432740247473774e-03,2.318501614169243830e-03,-2.194984714193948250e-02,-1.950884846886324908e-03,6.020257646121129902e-03,-3.958050765765719348e-03,7.200645933070903837e-03,8.266431958270370473e-05,-7.495849193653647546e-03,-3.881143257864483331e-03,3.790398035817821309e-04,-6.522185407055425266e-02,-1.367354803698650478e-02,3.708550873300575645e-03,-1.238453580755849437e-02,2.863853400130955684e-03,2.820714409323077376e-03,-1.827504081789954604e-02,-3.532691798844322939e-02,-4.486187271416963718e-02,-3.397814626904849256e-02,-5.442799206433024395e-02,-4.076593138229611668e-03,2.123448268605887534e-03,-1.342151442532291128e-02,7.565283928721799889e-03,-4.937592683725489096e-02,9.252463003286415244e-03,-1.189153742584903029e-02,-2.779362345589131422e-02,1.750509332376415372e-03,-1.996153648566068028e-02,-1.645233648247934610e-02,3.259502104843270409e-03,-6.614735375484182001e-03,-1.113282226403655706e-02,4.591266252052972341e-03,-6.769207693726686514e-03,-7.689928993606764962e-03,-1.859804890131044885e-02,-1.490969367559324965e-03,-3.297384818284054830e-02,-1.330320326077272242e-03,-2.504731386566017015e-02,-1.562680366913027363e-02,-6.950413169989322348e-02,-5.593893528836879625e-02,9.149874865938323332e-03,-1.623326957279846994e-02,-4.504863531096248153e-05,5.909591120585089286e-03,2.695241835271922071e-03,-7.206471976713535454e-03,-6.490661587514967579e-02,-4.166780554073690190e-02,-9.197029504861520266e-02,3.559205462015380128e-03,-1.385015603727701716e-02,7.184242043237309971e-03,8.536977289078873099e-03,6.873843916202826421e-03,-3.908301866167152028e-02,5.086717190554312928e-03,-1.477442441754739377e-03,2.082580286105084610e-03,-2.241711452794725723e-02,2.635391103590567496e-03,-8.274876063822467209e-02,-2.898589119290617688e-02,1.840936487374822406e-03,-1.826165887498953921e-02,4.906414725841079516e-03,-3.677436381751530980e-02,5.584802259713583794e-03,-3.079267682044806165e-02,-1.544782282085765956e-04,-1.802621898630518693e-02,1.872041164629356658e-03,-3.691837714606327481e-02,1.414395744160357182e-04,-2.686201594566473005e-02,-4.847969552578934582e-03,-4.652979285589831093e-03,-7.711043027119224291e-03,-2.232977831640337030e-03,-2.257507977360950768e-02,-1.206394027944890368e-02,-6.311101271664565360e-03,2.438363451104375024e-03,-6.806387185435136544e-03,-4.469404224310835616e-02,-3.242266451110165093e-02,2.089723206708415937e-03,-9.861583643111515585e-03,4.516517355701021863e-03,8.351792969235605213e-03,1.391128065716062956e-03
-2.510575037599815929e-02,-3.096757344679623714e-03,-1.188783970436246840e-02,-1.359319940749137423e-02,-2.046076177825151277e-03,-7.051093669205643621e-03,-1.997107960755784006e-02,-1.567947542658632010e-02,-1.465250886076185921e-02,-5.633989838720321330e-04,-1.140328029879666971e-02,-2.595436977924636679e-03,-1.186886186595526027e-02,1.966598274623643228e-03,-8.294211438666154734e-03,-1.233641182462541508e-02,-3.066192360400155081e-02,-4.636864074545221648e-02,-9.416571736971857121e-03,-2.422057251312192960e-02,-1.697662295410129474e-04,-2.409788905508136736e-02,-1.854124173391791253e-02,-4.398463737060032130e-02,-1.667518666992950926e-02,-5.958815122523053454e-02,-4.430258696180855438e-03,-7.733474770465598169e-03,-3.044962522254257564e-02,-2.547660614089108932e-02,-3.889830781865333265e-03,-7.471422725291221312e-03,-6.126526863630799014e-03,-1.557170198434043584e-02,-4.590279999437552050e-02,-5.916538305520635532e-03,-3.486582346531541532e-03,-1.427657755475442158e-02,-2.523553090967234347e-02,-9.597485616208434323e-04,-3.012642024096523485e-02,-2.699158036526183579e-02,-1.383485586297306114e-03,-1.753706925842268838e-02,-1.039722977023616046e-02,-4.047308203803723359e-02,-3.519941314552954559e-02,-7.823144349471844450e-03,-2.247069281845215372e-02,-9.877414181556076755e-04,-1.480457239863874896e-02,-4.681972619355523335e-02,-8.614832320659404630e-03,-5.626939083924686891e-02,-2.068745798111182310e-02,4.386171453405252052e-03,-1.499899766772339049e-02,-1.255481945823788692e-02,-3.575578857094208196e-02,3.969117258076471089e-03,-7.215356273066131365e-03,-4.160146656546404031e-03,-9.481969325614736377e-03,4.293360811831514745e-03,2.538670508785756397e-03,-3.934148971125850380e-02,-2.252726651334469032e-02,-1.587796643806371755e-02,-2.447418068571716177e-02,-2.695654252831136688e-04,-2.744519445291859761e-02,-6.411121264033203815e-03,3.634539146930571007e-03,-1.758728849190260846e-02,-2.822559528662704764e-02,-8.259929546591937566e-03,-2.865763313822822234e-02,-1.550439475068055017e-02,-1.974635303522243035e-02,2.931441221747377313e-03,-1.359895024454549350e-02,-9.918144309428722494e-04,-2.177213710253500523e-02,-5.755420350676443420e-03,-1.993241444942905893e-02,-1.119041187681579785e-02,-1.996404099551041256e-02,-3.614684771394083285e-02,-2.461250092195599315e-02,-5.612008625061282174e-02,-2.557897189484559242e-02,-1.461822402189105752e-02,-3.828362425420994697e-02,-5.773274019360119524e-03,-2.488258742412430280e-03,5.236728893901476667e-04,-3.615757051754409090e-02,-1.851192820019686991e-02,-6.123915649450362153e-03,-4.970014983550297138e-02
1.699896970172010136e-02,6.177602579183760767e-03,1.109833892777467579e-02,-1.274574295740471541e-02,4.863606750027171799e-03,2.388463847406208096e-03,-3.566684085539795213e-02,-3.924297351523442501e-02,7.232360965023776345e-03,1.146173137969153100e-02,-5.341194614605360158e-04,9.951441344459688310e-03,1.437241359550522901e-02,-2.851507627804994449e-02,9.906525381153108434e-03,8.758116309113717080e-03,4.008324824089526395e-03,-5.104498420744674192e-03,6.104639748256701637e-04,-1.215907678775618450e-02,1.185460531778326221e-02,6.379451641185251987e-04,-1.054977202895512889e-02,-3.105998574495205666e-02,-4.360609545475568893e-03,-7.365837150268239597e-02,1.551581628321607731e-02,-8.197911145981784387e-04,1.186567336324895194e-02,-3.259186441661032774e-02,1.286952733506030455e-02,8.057547406472576057e-03,9.508570302456886836e-03,3.710215391083071523e-03,-5.937028713684600056e-02,-3.350166764478790249e-02,-1.626016210029757048e-02,-5.423369707554526187e-03,-5.243989628114409385e-02,2.899343272862120457e-03,1.523920819382962311e-02,-1.463014297056419721e-03,-1.390643334922336827e-02,1.434647585890336252e-02,-7.244592354134216095e-04,-9.529607916836768666e-03,-6.919052515970580686e-03,-2.591623825209943277e-05,-7.402142311557091681e-02,-1.485283504323309245e-04,-2.244799210333292550e-02,-6.168629066775288550e-03,-1.299923149199355699e-02,-5.361186554039609753e-02,-2.344883949871934270e-02,-3.636768986699623341e-03,1.500698047526438650e-02,1.271030892772861964e-02,-1.392913878159747210e-01,1.206936266760505472e-02,8.306626294061203453e-03,8.596988272329908476e-03,-2.526867015043610110e-02,-3.250053863781521279e-02,-1.286050024352558552e-03,6.722708958458722961e-03,-6.101590346392127273e-03,-2.922492706625368086e-03,-3.171005105732915830e-02,4.066446515326171962e-03,-2.116844777500137553e-02,-8.262586279280226265e-03,-6.926126615457439684e-03,-6.929066340218170694e-03,-1.273810851120615872e-02,1.249348890490775688e-02,5.955428971802234628e-04,1.591724927416660051e-03,7.431793347224213697e-03,-2.063128712079564941e-02,-1.007311396263133041e-02,-4.847358101270082820e-02,1.836993327090952199e-02,-5.998832000706499912e-03,-9.588380270514340609e-03,2.021479777598056415e-02,-2.279835100852989349e-02,-5.980379449876949138e-06,1.549249089670523549e-02,4.153170421143048685e-03,3.230771188792114224e-03,-1.971652158089920448e-02,-1.187685899738586404e-01,1.170386883630858410e-02,-8.391494820285450018e-03,-5.828465577517150109e-03,-2.139176920276031346e-02,-4.298313511101747864e-02,2.249297808671113508e-03,-1.514660334011619369e-02
9.067589443640167168e-03,-9.922319434305659769e-03,-2.391605518710404610e-02,-2.966088730679117269e-02,-2.019297705702127743e-02,-2.107159253747892258e-02,-2.498490201267911104e-03,9.843242608018054618e-03,-1.333328795441568460e-03,-9.741124019345015483e-03,-1.898573323450225558e-03,-2.165374777265638429e-03,9.884713319446403190e-03,-5.556313566430715056e-03,-1.525633003656001740e-02,-3.465167072905428469e-02,-4.412881805453405804e-04,-5.318562244471358724e-03,-5.939058660352047880e-03,6.708872142906496805e-03,-5.579010819377394625e-03,-1.487105677835387496e-03,-5.189999308072690276e-02,-3.387434238247655216e-02,4.072887770298905252e-04,-3.724502867442525122e-02,-6.399427876897290091e-02,-1.449052836553765822e-02,-1.507539547317193751e-03,-7.365968792863553105e-03,6.372810591417810144e-03,-2.246507226856353512e-02,5.055559896733785585e-03,-2.841656705356410129e-03,3.841597161310161823e-03,5.159341221545599154e-04,-3.227679716535991616e-02,7.380755223996282588e-03,-3.314248231783833987e-03,-6.212693248576051097e-02,-1.610215461421771188e-02,-2.189472033760431202e-02,-1.092626538330421226e-04,-1.617008182667412086e-03,-3.979451590138816108e-02,-1.193897394927700972e-03,7.607959500371963557e-03,-2.091124215481632298e-02,-2.095093237003076148e-02,1.247362747918923098e-03,1.754218433809295874e-04,-1.655057594101272400e-02,-3.662312494813546593e-02,3.580564816376252679e-03,-8.764140635271422397e-03,-6.537895313340147396e-02,-7.374882285978379137e-02,1.159877561335842522e-03,-8.608053779605606692e-03,3.363349882060884255e-03,6.299206919343491862e-04,3.022143549488487402e-03,-5.247776586040209246e-02,-5.881900881375989876e-02,-1.176221136735833284e-02,-1.165409721297416823e-02,2.644591321645517468e-04,-1.408850862404564808e-02,-3.813816284233828569e-02,1.022902410490633685e-03,-5.543741716528494123e-03,-2.002844190226227283e-02,-5.357887088870816328e-02,-2.375877286731431504e-02,-5.942455010947234051e-02,-1.823368515565768622e-01,-1.833299590710339988e-01,-2.155059634104561361e-02,-4.484208177357018599e-02,-1.385067994759836552e-02,-5.325623199581519529e-03,-6.802364171602626186e-03,-7.895282427574645823e-03,-1.058574668324663293e-02,-1.185504980282114929e-02,-3.911633585853424577e-02,-3.020858505335621835e-02,-1.400306372667903254e-02,8.364520506914052689e-03,6.164362487395491641e-03,-5.246659565943390113e-02,-5.066185863429883973e-02,-1.402806466104511429e-02,1.239102268963954145e-04,-4.467831284139078818e-03,-8.712699340784979540e-02,-7.928163909112484475e-02,-7.259361587933721438e-03,-3.039371648539734849e-02,2.325249437454601775e-03
8.158507788757707324e-03,-6.316840178662186389e-03,-2.795050945150934218e-02,-3.836021214404827795e-02,-9.213274183593300748e-03,-2.320686000478544564e-02,4.555071152786416278e-03,1.328015285697214942e-02,-1.407384187786631102e-03,-8.498995097712791491e-03,5.914542983894821582e-03,-5.314852337133357807e-03,1.008420886107774805e-02,-2.892814002428312214e-02,-2.429771193326124568e-02,-5.216708221788235456e-02,5.000337326335979604e-03,-1.753586750072266831e-02,-1.416542927252395501e-02,1.043513037265120236e-02,-7.671801860771321202e-03,9.504527550349806120e-03,-6.018948719448879991e-02,-3.834368144607069873e-02,-3.213713299260456679e-03,-3.476180235740544688e-02,-6.080365551899435950e-02,-1.654509149409455482e-02,-7.756745741065218525e-03,-4.429111662251683512e-03,9.292587476312341721e-03,-1.169565324156307540e-02,9.000189711971473550e-03,-3.606107826615412293e-03,3.536740824684692086e-03,-1.272360171198183565e-02,-5.783757820957857732e-02,1.355139395035731553e-02,-6.780924817977762586e-03,-7.471000133851091185e-02,-3.508958079388113660e-03,-2.972955294950052618e-02,7.996125864766834290e-03,1.522889819881800832e-03,-6.224291763967326752e-02,-3.994033633052396226e-04,-1.660405446015422726e-03,-1.011556155409421009e-02,-2.602231481975803007e-02,9.648272835109161782e-03,-4.281571190993815890e-04,-1.107209556691768348e-02,-2.862733054248645104e-02,9.496798359938551926e-03,-1.855687069607592221e-03,-4.603503677338993683e-02,-6.612253423852987311e-02,1.047867156087822771e-02,-5.723287436940616146e-03,2.845066970416088026e-04,2.481426330621649967e-03,6.479725114000634001e-03,-4.005566876457944403e-02,-1.055615204552824427e-01,1.258716637429857510e-02,-2.391514897115287752e-02,5.776187086883322053e-03,-3.198236573703994168e-03,-5.112797417899828112e-02,7.156861551664506216e-03,-8.846717531003633894e-03,-3.467377544774219444e-02,-4.786964144624517026e-02,-1.884731425211993994e-02,-6.747244816881781126e-02,-2.232775542396649993e-01,-2.138763688804385943e-01,-1.545908531551143383e-02,-4.891497033059999389e-02,-2.228923647174485545e-02,-1.049522796891477761e-02,-2.197981895199285773e-02,-3.227762782050724866e-03,-8.580835637568950958e-03,-2.296075967392496864e-02,-4.461651302680214037e-02,-4.515195381791303753e-02,-1.787395949667924810e-03,1.444334650987066926e-02,9.974624920959129781e-03,-4.468110148294135442e-02,-5.700546305657905322e-02,-1.320658669941265906e-02,1.557327095107974291e-02,4.937938649222983756e-03,-4.467912703670395835e-02,-1.069691905463945325e-01,-1.117515050850559355e-02,-4.022192942618252331e-02,-4.758729176730369659e-04
-2.312950301229577121e-03,-6.066898706014178799e-05,-2.492416258357721404e-03,-7.148559367757378880e-03,-2.051632803517344783e-02,-4.741494761971720706e-03,-6.684822915168364688e-04,-1.250806034231577435e-02,-3.304347464827550596e-05,-6.994945207521308106e-04,-1.881008326118727148e-02,-5.142234287809199778e-02,-3.416408367606926788e-05,-1.001778957752663679e-02,-2.367589367662237265e-03,-1.136320810273439008e-02,-1.902518470364711334e-05,-1.140425540553602346e-03,-1.333229961116022544e-02,-5.430208308598860611e-04,-1.641788513574193864e-02,-1.244512905168781991e-02,-3.729355729770844619e-03,-2.636576039882765343e-04,-7.378250461449464837e-04,-1.689083293417104059e-03,-1.904133167702770635e-02,-9.162304888474803732e-04,-6.463568743206860034e-04,-1.486317386671709428e-03,-9.533439246627306574e-04,-1.026399253678533796e-04,-3.440664105579727128e-02,-7.543060823524960767e-04,-5.414237285035206071e-04,-2.234198057449177099e-05,-3.935898015566596797e-02,1.091758851767821170e-06,-4.913215492598377310e-03,-3.040234063280355947e-02,-3.733955800737609465e-02,-2.402912776675858453e-02,-1.643567880735186115e-02,-3.697218958931713928e-03,-5.505812654133190875e-03,-1.501770525697976311e-02,-3.604246965722479601e-03,-3.129164037994458525e-03,-3.911272893363237912e-03,-3.353777871306640179e-05,-1.273850799819342683e-03,-8.213380176955054068e-03,-3.314521382361701463e-02,-5.884535194720097451e-03,-1.979549091882804035e-03,-5.274368533904350009e-02,-5.384155869715923082e-02,-4.689971734356701560e-03,-1.244906151728497612e-02,-1.756305893006882002e-02,-7.237556018147017767e-05,-7.222149788730369835e-04,-6.986615961919850903e-03,-1.006483467474739157e-02,-2.677384524313319858e-03,-4.774530961757506020e-04,-1.288455397269405722e-03,-9.603392208539229813e-03,-3.287925781974743167e-02,-1.676412924373749114e-02,-4.729157174383935569e-02,-5.971561664038782524e-03,-9.914682512615735632e-03,-1.293658022800281415e-02,-2.605405381454151126e-02,-1.161201122797619334e-01,-1.216145706126756654e-01,-2.122287313199633374e-03,-2.369607506583770729e-03,-5.620151289264851968e-03,-1.929742287582580929e-02,-3.783924634940238896e-02,-6.645050947203356984e-03,-2.377653385066125225e-06,-4.650104411769717672e-04,-2.814124032475917581e-02,-2.785765934558370738e-02,-1.171581461865223162e-02,-2.872916436955863517e-03,-5.050271099811265429e-04,-1.915536759490077401e-03,-3.109995054172398632e-02,-8.273629991909192682e-02,-1.522027078123100452e-03,-1.579428909363578271e-03,-5.759080624941992355e-02,-2.482348919581678359e-02,-4.081138323595911999e-03,-8.885902128197731287e-03,-4.882365988335601870e-02
-1.760580000340250528e-02,2.386655075579335872e-03,2.061417466874271298e-04,-7.971782366242852191e-03,-2.500720419720692256e-02,-2.693955010658832805e-03,-4.621953280426205346e-02,-3.276773852936765152e-02,-4.699603271193497633e-02,-9.367697659545592970e-03,-1.247875934994158165e-02,-3.253956542230929116e-03,-9.246832218793299418e-03,3.944173321541843968e-03,-3.802019398016498464e-02,-5.279554630104987822e-02,-6.100127742620031768e-03,-9.175301778470812408e-03,-1.112594152278600923e-02,2.545759777610845376e-03,-3.068305546280059026e-02,-5.853235647373211670e-02,-8.511740095952680107e-03,-3.931241035582377918e-02,-5.569377158221477941e-03,-2.402746846472014752e-03,-2.590133545296224860e-02,-6.950412864711097427e-03,2.719269507870825109e-03,-5.280114631743604292e-03,1.192738610883870010e-03,-4.596167420231500600e-03,-3.765323125504593804e-03,-3.570219085643566714e-02,-2.733079184661302286e-02,-5.590203349788103182e-03,-2.084315766284428051e-03,1.660726926172584328e-04,-1.134565351229710473e-02,-1.772568366101512360e-02,-1.042001528580493996e-02,-1.439361557244223100e-02,-3.593690604838606362e-03,-3.690642772444130415e-03,-2.444990656844003851e-03,-2.800948606827891041e-03,-1.250814296341373755e-02,-5.907614535038741010e-03,-4.058186439012656521e-02,2.533715686976689696e-03,-1.817656171449066882e-02,-6.135357610398717298e-02,-4.031047410935073572e-03,1.438994793490078195e-04,2.458503071044781940e-03,-1.921297735518345817e-02,-7.414241508834740202e-03,-1.028588578539157972e-02,-1.347757987668019020e-02,-2.048616894480459472e-02,-3.518877758342076056e-02,5.590187848277028415e-03,-1.526909239099438764e-02,-2.977833646035321635e-03,-3.934436097135840527e-03,-1.064073705784673862e-02,-1.052071945148713716e-02,-2.332124270437296865e-02,4.764171864180988258e-03,3.664433972164760078e-04,-1.269849500444331092e-02,-9.582390867984624805e-03,2.645762328465139923e-03,-6.502574619701828595e-03,2.955654721253586636e-03,-8.406469729857590778e-03,-2.570301656315221450e-03,-1.696910058124401210e-02,-1.608750567645667040e-02,2.191498583845707948e-03,7.151096781718990769e-04,3.037320161090706350e-03,-1.011530501713964192e-02,-3.325129963680062417e-03,-2.839799819334931641e-02,-3.004204625630202408e-02,1.916882146950404930e-03,-1.182450689987146752e-02,-4.497565478964982155e-02,-2.514098275496756685e-03,-3.497049505083338339e-02,-2.353675596141524551e-03,-1.944686747804280635e-02,-5.685819500780242564e-02,3.229818110762172623e-03,-3.867693154484097562e-02,3.147585740539526888e-03,-1.118159819402109179e-05,-7.205495696197772304e-03,2.928206219096729512e-03
8.104649620310877545e-03,-2.106915049549540342e-02,1.866600086467107289e-03,1.746172000077317321e-03,-7.942608164165565476e-02,-1.683525656275719484e-03,-1.711379066302600727e-01,-1.616557291677045427e-02,7.162699136132877342e-03,-2.222547260266471980e-02,1.507106475088670905e-02,-1.080803845044275846e-03,4.394668998585538056e-03,-1.339088668256049885e-02,1.396247234405456616e-03,-4.500923226411557287e-02,5.888005102897553300e-04,3.010994185276061330e-03,3.359871854783924583e-03,-6.259798857020770768e-03,5.635396714511853311e-03,-3.501882565006098069e-02,-4.991948041141114345e-03,-9.809771798828137435e-03,-3.752075352234429673e-03,-4.181896992399458668e-03,8.400250346967008674e-03,1.297192207846320500e-02,9.743366373675454994e-03,-4.714985977981589471e-03,1.901836738048112707e-03,-9.827116057981033492e-04,-2.231570700976837074e-02,-3.042101991437684561e-02,-1.573583860410865398e-02,-3.526023827634894303e-03,9.780223347926275679e-03,1.349639736013208413e-03,2.780082298258323981e-03,-7.101074325072587179e-02,7.043425514183576652e-03,-7.356853702026322495e-03,-2.047604031847027883e-02,6.748632679647315058e-04,4.653441716681139262e-03,3.720701795451364369e-03,-1.908828499490544672e-02,1.849048695355182126e-03,-2.781857522785502468e-02,1.174446168448461947e-02,-1.011769135066797887e-02,-8.234571794573097847e-03,-9.988340330301159753e-03,9.068399479189581669e-04,7.184321335168442069e-03,-5.869094096453841836e-02,2.854383507517876950e-03,-9.857999812221462932e-03,8.481609274602841531e-03,6.011643716729020426e-04,-7.582986342320685580e-03,-2.639678336616713139e-03,5.813606674135662900e-03,-1.161909858062659673e-02,7.633632354122510399e-03,2.382437796103920036e-03,3.748612418793428880e-03,2.351777796549825439e-03,8.333082983756012752e-03,7.320935427146402219e-04,1.083652214476171771e-02,-1.536243459906949660e-02,9.488174504866164760e-03,-1.410853658885202755e-02,4.136915579226241313e-03,-7.909398913920950847e-03,5.473805194467940005e-03,8.281502988763955742e-03,5.301350942537585986e-03,-2.955082150857268886e-03,7.718655955552433667e-03,1.603762775819816966e-02,5.824949923733724333e-03,-1.400734029005756831e-02,1.746021296533672995e-05,-1.891729096980676594e-02,8.703541677484993855e-04,-6.834672972444000294e-03,5.346939545089912649e-03,-8.231784881494119688e-03,5.954266277643172067e-03,-5.036167940835278856e-03,-2.503429494655207144e-02,-1.364248853154048646e-02,-1.228939721845900834e-03,-3.169034378047719258e-05,4.649686719055190487e-03,2.835897316658564371e-03,-8.384044888625430403e-03,1.068185297079571328e-02
-1.083321196628839189e-02,-1.362010009422265355e-03,-2.152106851087243200e-03,-3.843136283771864115e-02,-5.416396708515902603e-03,-3.070276361976098656e-04,-1.569238830107844151e-03,7.122194187180075353e-03,-6.148699185943629075e-03,-5.260286286774773501e-03,2.908500656054746614e-04,-2.195600959099941463e-02,-8.840278034152326825e-03,-3.879159165838252932e-04,-1.467272594786184214e-03,-5.784569416926732544e-03,-3.573182443066924563e-03,-5.428686081969757993e-02,-1.391550651873951772e-02,-2.034815763731545601e-03,-5.986684152131882541e-03,6.130860743115973399e-03,-5.563156149380321658e-02,-3.534136251863673195e-02,-8.203107274946219718e-03,-1.162214589231425066e-02,6.925270800811622607e-03,-4.445840474910944806e-02,-2.911395593462096087e-03,-6.078684771973374978e-03,3.487506486204328127e-03,1.247046879963908950e-03,-3.938512594724730143e-02,-1.049230168974624178e-03,4.633959478672067256e-03,-2.399780982133914442e-02,-5.083106565480610683e-03,-1.560059625458354304e-04,1.781760308000590598e-03,-1.198940800768255599e-02,-2.267765272261845766e-02,-1.134297846682308375e-02,4.594059049575549558e-03,5.342645396126499691e-03,-2.823253089795052517e-02,7.688706491324470704e-04,3.272474173077188908e-03,4.598576483915151059e-04,-4.532251352019800450e-02,-8.787876293003193950e-02,6.053798228267348591e-03,-6.575631582939278630e-03,-1.044995559447370326e-03,-1.398779754797645491e-01,-6.752315782574846992e-03,1.485861936779353520e-03,-2.798193822160288668e-02,-8.342452299279434769e-03,-1.212930829302067970e-01,6.579457603892446826e-04,4.912126245734560470e-03,2.283118921223681319e-03,2.926394222299233405e-03,-7.286398973611607488e-04,-2.032214423166056605e-02,-5.357772643936820067e-02,-1.276896702903873582e-02,3.384627675477314135e-03,-6.493830187200400061e-03,3.716528790236206525e-03,1.098851992139104894e-03,2.555753498209023533e-04,3.921261277680221369e-03,-6.203773421741720639e-03,-6.535111794631953686e-03,-1.931658369936939401e-02,4.421557064199777010e-03,-1.647538360569233973e-02,1.107678786233412538e-03,4.558842322725964458e-03,-7.007935641036855401e-04,-2.081796509149902441e-02,-3.330724927601114160e-03,-2.689747364998495982e-03,-1.806577544327891971e-02,1.829655939016960886e-03,-1.000811994999284416e-02,-7.931127137587923315e-03,-1.261423832093933051e-02,1.834022375859500897e-04,-5.082678077913604930e-02,1.181247582509037386e-04,-7.094333126615626206e-02,-2.611430677126858058e-02,3.058149884088590120e-03,-8.049453417888341455e-02,-4.102803391362774832e-02,-1.095291348963911560e-03,2.057221069727832585e-03,1.809544492485826161e-03
-3.384198905641166100e+00,-3.147036551051390241e+00,-4.105585169293055614e+00,-4.890459914147299081e+00,-5.182372893958149263e+00,-9.512560144605048507e+00,-7.428242278276991684e+00,-8.594197326216594490e+00,-7.564824896590675252e+00,-8.474022389791160847e+00,-3.205977831522899280e+00,-1.226072245864233601e+01,-1.079636255537494449e+01,-6.675650046659662884e+00,-2.492082808847515984e+00,-2.089933573450485138e+00,-4.842981130669415712e+00,-1.164121032876551443e+00,-5.223297219204499520e+00,-8.788377398698642651e+00,-4.441865508297145659e+00,-5.497733934675911094e+00,-3.139741257947119557e+00,-7.355802781828709058e+00,-5.081535368745329073e+00,-2.277556057434588777e+00,-7.592747144962798345e+00,-9.062972621594239442e+00,-5.553430094321004873e+00,-3.312978113711361416e+00,-8.959885501033252098e+00,-7.788229141182561932e+00,-4.691853003609677941e+00,-2.999757905869182117e+00,-6.748941731703888891e+00,-3.297930065150973533e+00,-1.100517636639559527e+01,-3.980070420201577086e+00,-3.697956489882340492e+00,-6.991995983837119510e+00,-9.614571163499441298e+00,-3.181243106069351789e+00,-7.026095449045232755e+00,-5.629747834433761255e+00,-6.157133404476833327e-01,-3.064962006147274209e+00,-2.940744260581713565e+00,-7.792179853394056721e+00,-2.420164053044493446e+00,-4.494416223509877462e+00,-4.836596753486774425e+00,-5.228156448306756410e+00,-1.145216583099758800e+01,-4.606875230429736234e+00,-1.437527734979747507e+01,-1.240314787151579168e+01,-3.250075203190968764e+00,-2.801381468834269306e+00,-8.695692719391777459e+00,-3.140532285261956602e+00,-2.717273006785803524e+00,-3.136348148912192713e+00,-8.175866340777345087e+00,-1.512685134825427724e+01,-1.518150421971429154e+01,-7.168444038674524066e+00,-1.333995009868617032e+01,-1.354978084100891422e+01,-8.529234014838664280e+00,-6.881988062370973047e+00,-3.168111272736255479e+00,-2.656193299959809018e+00,-6.667741273170486593e+00,-2.470145668739167633e+00,-1.042669497743083618e+01,-4.885452123721496953e+00,-5.620771184598925885e+00,-7.842211978702810171e+00,-5.999878377939821483e+00,-3.154978208786673122e+00,-4.036344307896650996e+00,-7.159685728385879244e+00,-2.409677789815854787e+00,-1.041701527823821039e+01,-5.398617693616445834e+00,-8.687915940099429690e+00,-7.782441457804424090e+00,-5.187197418208013389e+00,-6.544066663379791038e+00,-1.623844827589040207e+01,-1.044149393438732076e+01,-3.346351476354938903e+00,-1.407331138780947200e+01,-5.236066515711797820e+00,-6.484531134684463183e+00,-7.160728795760885390e+00,-4.834028301515266968e+00,-4.930273641087953074e+00,-1.796399325901080868e+00,-6.868891422302624505e+00
-4.079389708748174748e+00,-2.517985140725008897e+00,-1.136310672571590352e+00,-4.018472848124051922e+00,-1.417301964074876075e+00,-6.943004931314957773e+00,-4.939063802243355283e+00,-2.338118425018070212e+00,-3.811477626126031026e+00,-4.811423043380780307e+00,-2.285467950133364123e+00,-3.153385389977485964e+00,-4.033963871214810482e+00,-4.521095990477604687e+00,-8.977716399260600166e-01,-1.966198002268057188e+00,-1.990578646557871867e+00,-2.291107650932732387e+00,-4.033485561595608893e+00,-5.105234077115587965e+00,-2.648220844828961695e+00,-5.352042013286832045e+00,-9.373482476135073238e-01,-4.534753809511216538e+00,-1.873996445824656742e+00,-7.794837593814472054e-01,-2.497496169186176118e+00,-6.601727562695167251e+00,-3.530882440161804858e+00,-3.983646678511527206e+00,-3.262050674059900679e+00,-4.439193936090122250e+00,-3.433780507883555266e+00,-1.608810303969842259e+00,-5.672530755923952839e+00,-3.785884081100725496e+00,-5.355852143001941457e+00,-1.585906262955695478e+00,-4.286172048806644597e-01,-4.900250389491247915e+00,-7.096754945650182833e+00,-3.307129727375757611e+00,-5.369753312386047917e+00,-3.894702437583371868e+00,-1.010109385947430383e+00,-2.384537606850466229e+00,-1.599978063416277241e+00,-2.771045587269503230e+00,-5.312043865574851864e+00,-2.684404116014787345e+00,-2.270371962039424485e+00,-4.192797849955087308e+00,-7.129640134719817723e+00,-2.625746630775396717e+00,-5.064307932715776062e+00,-3.487905247013478593e+00,-4.341394283448127833e-01,-1.880840178516207217e+00,-2.248012010352764101e+00,-3.366172793039207356e+00,-3.347900751682442611e+00,-2.441447080310183093e+00,-5.603604713811742855e+00,-5.925590626663321814e+00,-4.377942571078300205e+00,-1.824668813737283291e+00,-2.668353185191610688e+00,-7.906586601110426216e+00,-3.646809047838084794e+00,-1.738445698694385033e+00,-9.006213349115135269e-01,-2.813005580520758997e+00,-2.876678634765778675e+00,-1.306075709873375512e+00,-2.872052203017535277e+00,-4.346052068879172836e+00,-3.513358097353307841e+00,-3.682045202197168798e+00,-1.771428727331120889e+00,-1.420924221455956538e+00,-8.256984307921373389e-01,-3.246706803542599218e+00,-1.283291400073497179e+00,-4.267405497395324154e+00,-5.957520036528052287e+00,-4.275585560968155896e+00,-1.519104210302705926e+00,-3.620096338444371398e+00,-3.768406146836437820e+00,-6.137923866348994117e+00,-6.524824300860445625e+00,-2.079424117002276695e+00,-4.213725895110776776e+00,-3.247845919897752509e+00,-2.167350177761428576e+00,-3.016489092933607452e+00,-3.799188108352225868e+00,-2.915088554934179399e+00,-2.079488096458346202e+00,-2.632385313554288953e+00
1.481566452621696506e-02,6.625566243197100746e-03,1.576876452877895574e-02,-3.290423438352729768e-02,8.769517805993554127e-03,1.163658424359170773e-03,1.878060417273008653e-04,-1.867746774421030764e-03,-1.510542009485038584e-02,-2.291475274475307522e-02,5.183754925517369827e-03,1.292751716795326189e-03,9.361279325839078069e-04,-6.968274258031481594e-03,-8.677524716844908781e-03,-6.178822778355241852e-03,8.353788663637451428e-03,-4.723768557771212961e-02,2.342410684410023425e-02,-1.971764688469557214e-02,-1.184958386611056902e-02,4.499319942931956362e-03,-3.237736432094395767e-02,-1.596168233576955586e-02,-5.135866665965260758e-02,2.270357357966101830e-03,-4.299414574063353811e-02,-5.414195811184185914e-03,1.251746498650707640e-02,-1.922561088470686741e-02,-3.275023983165792352e-02,-5.403119243021059503e-03,-3.309639948017273348e-02,-5.760757587522369327e-02,-4.665949568168392680e-02,-1.113240934243431290e-02,-3.670537452910105358e-02,-2.453120168361677678e-02,-1.598874548462969614e-03,-2.010416477004328684e-02,-3.624387439107312758e-03,-1.158475189631080760e-02,-3.083721382753412676e-02,-3.395098498366766471e-02,1.405909316874454085e-03,-4.520913245938706915e-02,-3.288693849597179586e-02,-3.543389172281052879e-02,-4.080771529906157546e-02,-2.667042211576320376e-02,1.152334385661302196e-02,-9.837546514611195114e-02,-1.110083942400419410e-02,-6.135921571348568193e-03,-5.454436713576260587e-02,-2.329860791485760529e-02,-2.248162185912838673e-02,-3.022734432401574800e-02,-3.270301040282808103e-03,-5.194000144166510680e-02,5.258329665650540719e-03,-7.171957329087152999e-03,-1.494828812533666174e-02,-1.549773277755273071e-02,-2.158376453208754597e-02,-1.041791353420196131e-03,-2.689008702991602107e-02,-3.812331453569184347e-02,-2.494745910122331267e-03,5.354121818081924999e-04,-4.999719325424423211e-02,-3.345814704029259623e-02,-1.738667474089128362e-02,-3.204953515496722360e-02,4.879247412488352253e-03,-3.497567847784610606e-02,-1.628639981536061931e-02,3.843610722310097927e-03,-1.243926916557258622e-02,-3.141977807219853425e-02,-6.931939528028063791e-03,-1.996620950708982711e-02,1.275980469712001408e-03,-2.843098490424433855e-02,-5.181661890596878095e-03,-5.418279152264937615e-02,2.512985488515862009e-03,-7.625984370291938319e-04,-1.165125190201110605e-02,-2.306914975549045899e-02,-3.142146869434347956e-02,-4.707869246198259638e-02,-1.523009263748598130e-03,-2.869856212561905373e-02,-9.023875562041494547e-02,-2.920270991414142259e-02,6.513947018871313333e-04,1.668105575111100691e-04,2.771430202131663911e-03,-1.014084823230954058e-03
-1.322322014104737598e-02,-1.465131450277601388e-02,9.625192890947431579e-04,-2.566486988072358422e-02,-1.824317703864064555e-02,-2.918867774503652868e-02,-7.509686845147856005e-03,-4.968148282434037277e-02,-5.840739648818371599e-02,7.847585983253857478e-04,-7.385602463259455241e-02,-4.422717410692778017e-03,2.428565699811313650e-04,-1.331492552063107127e-03,-1.019628200744771007e-02,-5.116356369942476334e-02,-2.490785732347511328e-04,-2.787673832868264867e-03,-1.001169312248917365e-03,-6.133664718532383375e-03,-3.893365049122166077e-02,6.250361369889434471e-04,-5.642341990518140449e-02,-1.338622775494413553e-02,-5.471059481019469040e-02,-5.827098911801442682e-04,-2.327125407748598107e-03,-2.505420529421709119e-04,-6.038072627530866043e-03,-1.404521812365100430e-02,-6.589433438635161622e-04,-2.471944550494620252e-02,-4.079547076892575674e-02,-1.890466542143198758e-02,-2.963538011180322229e-04,3.944051122295455514e-04,-3.257975192470174974e-03,-1.455058453741453484e-02,-1.690222752321046684e-02,-1.447977741296568865e-03,-1.721618922979128996e-02,2.365437637249501179e-04,-8.634640323402464901e-02,-7.987277821266625111e-03,-1.964816596868446119e-02,-2.502133840292852796e-03,-1.867566526266006832e-02,3.289487240459854078e-04,-7.048939830061540235e-02,-9.619586300022575642e-03,-1.307515932533442893e-02,-2.537912775759876283e-03,3.950368737646314798e-04,-1.493417420899367798e-03,-8.935553499546422529e-02,-2.895980473168013880e-02,7.971847057109959778e-04,-3.354688106728120900e-03,-1.288676845678793370e-06,-6.796441936440800191e-03,-1.558439742921868820e-02,-1.701416338853123378e-03,-3.397483011756108340e-02,-4.367012853385476845e-03,6.789723695125315928e-04,-3.899069622795403589e-03,-6.883489905616047011e-03,-1.110314052504168814e-03,-1.273210400902069495e-02,2.334479971316527624e-04,-5.620332184137044607e-03,-1.014261688289974650e-02,-3.229590272487525837e-02,7.175458103313436808e-04,-4.480337733621198026e-02,-2.737767112793276780e-03,-4.293361337304846259e-03,-2.163106098240974440e-02,-1.271618036582089495e-02,-1.153143561791480920e-02,-3.245056983721017474e-03,-1.112971551091379574e-02,-5.317494945154654928e-03,-4.293401449843026185e-03,-3.225040312870630643e-03,-8.092577216853857891e-03,-3.322295673056530063e-02,-1.881717838900787143e-04,-3.884416363091980351e-02,-8.771088396872794846e-04,-1.240126210615377644e-02,-5.351919089182199940e-03,-1.805657029410201453e-02,-7.580666415062609076e-03,-4.797491537668729933e-03,3.984643356715888984e-04,9.911680523136956467e-04,-1.325925251284409967e-02,-2.279367291526757100e-02,-1.242781383932967110e-02
-1.178681647768575758e-03,6.200727541094797068e-03,-5.205446326891571829e-03,2.837341266053505784e-03,-1.208704441568730914e-03,4.160947893151467625e-03,1.577013469866106465e-02,-1.552910675749541447e-02,5.649421916437691316e-03,-1.840014018785529615e-03,1.412375320149039659e-03,8.313096970611444370e-03,1.561949183334077063e-04,-2.136028767366449088e-02,-1.034127613585189565e-02,-4.031941290832730118e-03,-1.071238512763805772e-03,-9.626202113349524581e-03,-1.036880201857015571e-02,3.719746979242266605e-03,-1.899622373346310233e-02,1.448503426804581551e-03,-1.149009813661283630e-04,5.958842151618570782e-03,1.579846478261148768e-03,8.046017220181944651e-03,-9.870503046954359760e-03,9.183822472447089602e-03,-3.334809046035003277e-03,-3.680925608305174457e-02,-7.693062914445181200e-02,4.787025093784813556e-03,6.893085756789485430e-03,-8.212637156746671607e-02,-2.983586048250108647e-03,-1.152053877252146030e-02,-8.726390340724199390e-03,1.109795404067437374e-02,-7.888609658287748516e-03,-3.577755158756179554e-02,1.194777190706541870e-02,-2.621358746692781239e-03,-4.079644536812065958e-02,-1.743916503295617204e-02,5.932112341388018351e-04,4.443996529413407615e-03,-4.624802696291796522e-02,4.195446441024319739e-04,-2.022617174061378531e-01,3.449016966325491040e-03,1.182467718076618546e-03,-5.151405573839995533e-02,4.516863987351737997e-03,1.323197469902392953e-03,-3.442405839138706902e-02,3.432594397631882899e-03,-5.885424652837256687e-03,-1.159817631259671966e-01,-2.517561111595423284e-02,-1.751069117499559624e-03,5.069405985059560749e-03,5.189501978046906494e-03,-1.774043647217014019e-01,-9.976127647529642317e-03,-1.179246139300760277e-02,7.229679930059962345e-03,-1.889430819956938734e-02,-1.832714290432480020e-02,-3.805458851148024735e-03,-1.720769045577164036e-03,-1.145935845099090855e-01,-1.595278335141725456e-02,-7.402061485106914418e-03,-4.241292996664736137e-02,-3.777035279930918144e-02,-8.414675004650762347e-03,-1.357756501075169098e-03,-1.304244381628238969e-03,-2.851330541356955628e-02,-3.213215061333585254e-02,-5.374725159208004754e-03,1.678453002406687933e-02,-8.793756497027072072e-03,1.937201233752849916e-03,2.864523386491013568e-04,-1.019836660148421004e-02,3.932709014742186149e-03,1.373909279583884757e-02,-1.589264825154756977e-03,-1.800236493821216754e-03,5.385817050426844332e-03,-1.026725872925826621e-02,-5.701265926324583511e-02,7.200545694565629873e-04,-1.430565306755438026e-01,6.924515458471947049e-03,8.465774255400959625e-03,1.066746812054464311e-02,-2.087029245390059629e-04,-8.275589245847037034e-03
-8.077433705807811748e+01,-3.619525318909729350e+01,-2.465600956022661023e+02,-3.005484176588282708e+02,-4.906556794128159282e+01,-3.371968005336978536e+01,-1.325038860503982221e+02,-6.002018597421184154e+01,-9.753227436928089844e+01,-1.854001603346707441e+02,-7.465961774689920105e+01,-5.134574309701362154e+02,-1.147385707864954156e+02,-4.242819002291093256e+01,-3.062577897220240288e+02,-1.915283419957793001e+02,-2.547712198217812443e+02,-4.792648283582016688e+02,-3.842573794380849961e+01,-5.242161926379967696e+01,-2.754063599121889183e+02,-2.657829369624519131e+02,-2.023980372849150058e+02,-6.191166738111283507e+01,-1.344013347306400021e+02,-1.621235252787313925e+02,-1.989740156698820499e+02,-6.116825681466390563e+01,-4.415195076785666828e+01,-3.471229473189771397e+01,-3.762464812286165170e+02,-2.324285406169724411e+01,-3.964898159108724940e+01,-6.846229286970998373e+01,-3.905120660529267411e+02,-2.763754911485491306e+01,-1.829879414260263957e+02,-1.357840042483699108e+02,-2.700755612991729322e+02,-2.844344345510813241e+02,-2.242000069969012443e+01,-1.523784199922620530e+02,-7.217052207939198638e+01,-9.693774656322291605e+01,-5.360505528081970539e+01,-1.060160398941233524e+02,-2.543143825866879695e+02,-1.016890659616111066e+02,-1.145348183309594106e+02,-2.920756360377728456e+01,-3.585076296483778435e+01,-3.643490713611151932e+01,-1.339756910266714840e+02,-3.392948946521544258e+02,-2.051795895955937681e+02,-1.751726396886286068e+02,-6.818791052383066642e+01,-3.486857558905733754e+02,-7.173267823108224661e+01,-4.326307850062026716e+01,-3.590536601006544402e+02,-2.316874308957293920e+02,-3.025778661460842613e+02,-2.152582374689649924e+01,-5.049926828358969289e+01,-2.942403261032702630e+02,-1.506289994133294670e+02,-1.380586912729000346e+02,-4.476681510941825337e+01,-3.263005643028863005e+02,-6.629542421783954751e+02,-5.607325741012753895e+01,-7.433830467462675529e+01,-2.000625553455666363e+02,-3.999105335065522127e+02,-4.360758491925383851e+01,-1.929709913824991361e+02,-2.634315016623372685e+02,-4.589262703346224015e+01,-1.470357829088697770e+02,-3.559927819308199304e+01,-6.994224079773850633e+01,-8.712532177494803420e+01,-3.769560535813654667e+01,-4.054237386112190933e+01,-3.343809611260415409e+02,-4.279728024202642445e+01,-4.660820232358427972e+01,-1.082794207735440466e+02,-1.883196916717578873e+01,-9.351383682157444355e+01,-3.001887359355150409e+01,-2.136594201924351353e+02,-5.308847732308613132e+01,-9.501283428222515681e+01,-9.548658162878091105e+01,-6.267837908988978057e+01,-3.072538636811204924e+02,-3.303946741955537618e+02,-8.075093007051455629e+01
-2.919374928050346441e+01,-3.659965299781200088e+01,-1.238958547832850030e+02,-2.972585583639220275e+01,-2.993986643122075719e+01,-4.690757555563887138e+01,-6.224803973056492623e+01,-1.123925196143610492e+02,-1.335913457734251040e+02,-3.542904861095577473e+01,-7.569661112598532782e+01,-6.605286662573050194e+01,-5.389210131693164385e+01,-1.040389991356000650e+02,-7.234864617199934855e+01,-3.082669377430000424e+01,-6.397654203869288381e+01,-3.653584291685702823e+01,-4.891278370980307244e+01,-5.670135740110695366e+01,-3.642607642409312518e+01,-2.761979278353502210e+01,-3.694517629420939642e+01,-4.920428573697780905e+01,-1.556867966082382964e+02,-5.821016647837880242e+01,-1.121321467943582384e+01,-1.721671262006504577e+01,-6.521213130219452125e+01,-1.624549572317130597e+01,-1.827894427460123836e+02,-7.555617105247677046e+01,-3.712376425663565982e+01,-1.395712799212994071e+02,-2.789314115183777787e+01,-2.074602102925885205e+01,-7.010733739227846684e+01,-1.163536130149344245e+02,-4.270014874690379969e+01,-3.733921388760274596e+01,-1.303586216566675944e+02,-2.851327300609356143e+02,-1.149845141225196414e+02,-5.473989682886867314e+01,-8.837580687648268452e+01,-5.370169552091851273e+01,-1.014030385916339156e+02,-3.214120462318899030e+01,-1.665833668092432518e+01,-4.473256762936789954e+01,-1.192299602428737586e+02,-1.703987547283730564e+01,-5.249512719773476732e+01,-4.447964007822341870e+01,-6.602661544685977901e+01,-1.633191076143990017e+02,-9.237232406748697144e+01,-1.032747972080495629e+02,-4.640021407971925527e+01,-1.504963398602613722e+02,-1.304227133421236928e+01,-1.276462742889200683e+02,-5.066616298621678993e+01,-3.423151008400388378e+02,-1.795630379004135762e+02,-1.036655869794326605e+02,-1.901061466864685485e+02,-7.001786508702524259e+01,-2.933250926630786637e+01,-8.192257820926667478e+01,-2.620950049476527965e+01,-3.241944069474328671e+01,-1.649664729072562466e+02,-2.572383870966142183e+01,-4.402047004682516196e+00,-1.733791118837553569e+01,-3.623215570546202002e+01,-2.084094477460982091e+02,-6.592594251639853553e+01,-2.051655433647522742e+01,-4.738314506977447138e+01,-8.193898456891699311e+01,-3.086076986697372249e+01,-4.167581852621863447e+01,-9.762703011191582902e+00,-4.299986764375048409e+01,-5.111254256121529949e+01,-4.346914483202759527e+01,-1.520579483645308585e+02,-7.369561203165672225e+01,-1.009145923696520413e+02,-1.056127643298166561e+02,-1.909978331340624536e+01,-1.503281607192493539e+02,-1.730622537897730524e+02,-1.968360500014157992e+02,-5.427409473631316672e+01,-5.986061217638720677e+01,-3.007637961115510450e+01,-2.264277035835137042e+02
-5.032387820346495566e-02,-1.643249080169395526e-02,-9.105824514270999259e-02,-4.563655793314547182e-02,-3.355988527962727730e-02,-8.507588605279448046e-03,-3.004770635191333916e-02,-1.192396855045085857e-02,-4.019847031401058146e-02,-4.582334664982945505e-02,-1.950385594706727233e-04,-4.473211393740328390e-02,-1.878838460328924320e-02,-1.582966700091152923e-01,-1.510399660852490555e-02,1.045978204274322643e-03,-3.993319369638070881e-02,7.666013125430248820e-04,-1.537014732178043630e-02,-3.664334663497581523e-02,-2.554401437808428987e-02,-3.566327994533380341e-02,-3.175219330088685510e-02,-4.674603525251597169e-02,-4.043985571505470666e-02,-6.770234184191425975e-02,-1.265900520193308232e-02,-1.051281278977223010e-02,-1.270542452185652316e-02,-6.639888758330703133e-02,-6.486913984809805633e-02,-1.828769278215269800e-02,-3.349041696039645188e-02,-6.401526735812934632e-02,-1.438913328737045916e-02,-3.293714561895133563e-02,-1.454978554495256482e-02,-1.242332574511748611e-01,-1.626922279220233136e-02,-6.719466990200873013e-03,-4.256046682976899476e-02,-5.714095068701396940e-02,-2.070884565611796901e-02,-2.960634951860297015e-02,-3.716504904501150008e-02,-4.258977127668783780e-02,-1.686742018466902415e-02,-5.332064549805837217e-02,-1.061884921263609449e-01,-1.051491192185349810e-01,-2.787393328545473281e-02,-4.928746218600976725e-02,-9.878496408478820712e-02,-4.315307219519270987e-02,-2.613573590597639829e-02,-2.116492111725309933e-02,-1.966322349968718797e-02,-5.168115184028621023e-02,-9.371547583307604512e-03,-1.319540215345305079e-02,-5.115209500983186608e-02,-8.942294098784575596e-02,-2.968167836473512011e-02,-7.876242174540348806e-02,-5.950257338007891583e-02,-7.187794863095531284e-02,-3.257014838623595310e-02,-2.644123231324746470e-02,-1.290916798636265739e-02,-9.472578718356894356e-02,-1.469008009859384956e-02,-3.888035872533635029e-02,-6.470426726760858394e-02,-1.438637019464028555e-02,-1.868008482271710236e-02,-9.279600467665161112e-02,-3.054562387354087249e-02,-1.343663514767841072e-01,-4.549307963107040997e-02,-6.328191422859741344e-02,-1.795396061559628720e-02,-7.297987270733985454e-02,-1.802556798812182670e-02,-1.459032630559522481e-01,-1.790380795741719488e-02,-1.847269169808685163e-02,-3.623004634099502574e-02,-2.281093061568539859e-02,-1.810335582840205682e-02,-1.696479747736678867e-02,-7.336336769635476429e-02,-2.802072268056532423e-02,-2.974562963267146642e-02,-3.655479788505511252e-02,-4.455333945879313973e-02,-1.132125623472757248e-02,-3.413979278375611770e-02,-2.941158454717762716e-02,-1.261200750187962960e-02,-4.817835023888905610e-02
-1.255814450382586323e-02,-9.074507612960580616e-05,-5.508792668844275653e-02,-3.706925079569178827e-02,-3.887263126735063246e-02,-1.207191046135069890e-02,-1.681468024535837102e-03,-1.557100392462107408e-02,-3.880318731893939166e-02,-1.990058070814249014e-02,-1.944465699517761159e-02,-1.212663754211584788e-03,-8.910384723941344731e-04,-3.148189611526519549e-02,-2.113365335947259283e-02,-1.659979148141244032e-02,-1.327810484300373517e-02,-7.994889660602355619e-03,-2.315426042399870710e-02,-3.200255353858660889e-02,-1.707052660020913493e-03,-5.790687386660886560e-03,-7.510728542357014703e-04,-2.113019950634464905e-02,-3.028942014479119038e-03,-2.179538215886900332e-03,-1.356921609344863278e-02,-2.078849353670531031e-04,-2.760767067487246429e-02,-7.658184307244519928e-03,-1.465131212385495374e-02,-3.257880271826163465e-03,-3.992176687677373437e-03,-1.772759871429219203e-03,-2.591997022754477520e-02,-1.692570075847110722e-02,-2.374482076088191285e-02,-1.326465524674678154e-01,-1.158568584188479633e-02,-2.230517959272981798e-03,-5.764075319751427173e-03,-5.672049465535500268e-02,1.276502931057965640e-05,-2.831064454486265092e-02,-1.588806887676885715e-02,-3.221566796197006255e-03,-9.075058018059301013e-02,-1.165949951007416718e-01,-3.042501316226964292e-03,-5.858763557557078450e-02,-3.277211393820866903e-03,-3.274588120555144144e-03,-1.426094625188139009e-01,-6.906402216686036155e-02,2.416516492278475425e-04,-2.638922494553552767e-03,-1.502645721741679985e-02,-8.327884452288270012e-04,-2.933396536691890155e-02,-3.109439456295670645e-02,-7.411609796903695369e-03,-6.661903841392580183e-02,-9.775609333718460192e-03,-3.777061653473423597e-02,-3.177606241857588998e-04,-3.316330670621869814e-04,-2.296221298357381535e-02,-1.148003183696566509e-03,-3.007146044253494743e-02,9.154119050036602090e-05,-1.763497428503302267e-02,-2.152273116147185306e-02,-2.971455160388503103e-02,-1.314647738476337757e-02,-3.826472668526204046e-03,-2.052369615030857908e-02,1.322903133533781528e-04,-2.132444571782365905e-02,-1.899569844739912305e-02,-3.834769570523199889e-03,-4.623071080447571646e-03,-3.090398024969687185e-04,-2.710669392194109406e-04,-1.071135201576356444e-02,-9.059375338436259639e-03,-1.704363205986325625e-03,-3.618199992323045677e-03,-9.775046522304542407e-04,-4.325301323098829087e-03,-1.081218349420054459e-02,-2.448292977542942950e-02,-3.141803694410194581e-03,-2.614878741784298910e-02,-1.253647337052576916e-02,-1.198126869749671641e-02,-1.962251674769843746e-02,-8.198577121538708212e-04,-6.422650340105917621e-03,-2.500957098062395190e-02,-2.638619429952515638e-02
-4.404591548771596976e-03,-2.767502797346699239e-02,-4.983860852118882079e-03,-2.595713575636482418e-03,-3.924264212659567264e-03,-2.873868595267836668e-04,-1.401261846530243993e-02,-7.493673929363842134e-03,-9.672073009013404388e-03,-3.829557525933058315e-03,-2.082460054127266424e-02,-7.280446249540384329e-03,-4.413166757538888874e-03,2.379288995362660586e-03,-8.683593580818937951e-03,-2.302718462429864665e-02,-1.068452159067700968e-02,-9.922179831878708001e-03,-1.923100313426773234e-02,-1.427513350708875528e-02,-1.436087845657585405e-02,-5.714854035871064220e-02,-6.503190541969683380e-03,-8.181235555645804958e-02,-2.483106525356570948e-02,-3.202376107727333832e-03,-1.164938393479020284e-02,-1.658301170509268729e-02,-6.583928620762513617e-04,-2.803902056245100027e-02,-1.797750275932319397e-02,-1.016801886202411964e-02,-2.153209741832062818e-02,-1.212750441662313605e-02,-1.560116279999634870e-03,-1.479846133397133556e-03,-1.712273720990453718e-02,1.221270916881178614e-03,-2.238372896767870657e-04,2.514693805161227758e-04,-7.874676558207793775e-02,-8.406377553886290599e-03,-1.207637538751304973e-02,-1.192575958463049091e-02,-1.743237270788622340e-02,-6.984209060793222790e-03,-8.677021854228916808e-03,-1.077358111983794942e-02,-6.836439401363869628e-02,-2.573452886534521866e-02,-3.054350611363099155e-02,-8.887702720103307641e-03,-1.813599799125564793e-02,-3.912193927836193907e-02,-2.934415073175022926e-02,-3.521615865098581821e-05,1.247330123593015649e-03,-2.198965642598871284e-02,-2.892905322849426142e-02,-3.137505311552324372e-04,-2.353061439006376432e-03,-2.578505208377102065e-03,-5.194177148860390503e-03,-5.998774440592047341e-03,-4.161235741627411500e-03,-1.253665905832312966e-02,-1.239574729298786870e-02,-2.950437720679266462e-03,-2.140136881596532703e-03,-2.112844715121786621e-02,-8.196560463403335106e-03,-1.720681535484192004e-02,-1.457975417393009288e-02,-9.111939609828256792e-03,-6.877117480951211448e-03,-1.166209214675784089e-02,-1.545282636907252538e-02,-1.284777784669288714e-02,-8.934567278065186358e-03,-1.400587478074721837e-02,-3.539823666714125849e-03,-5.273872183497729793e-03,-5.598582545281560741e-03,-1.272561324318299825e-03,1.572281140623799089e-04,-3.099132371251922535e-02,-2.618570189899438461e-02,-6.787917182084157730e-03,-1.419257785502825442e-02,-1.285097579509275612e-02,-3.179221128793940920e-02,-6.759798729456756305e-03,-1.272924892899895966e-02,-7.520795440749661331e-02,-6.983479053996211050e-03,-9.399214800300148553e-03,-1.876526393316235719e-02,-1.034586938564419079e-02,-1.271219980105398051e-02,-7.766109127474107865e-03
