PicSeq_AgeAdj,CardSort_AgeAdj,Flanker_AgeAdj,PMAT24_A_CR,PMAT24_A_SI,PMAT24_A_RTCR,ReadEng_AgeAdj,PicVocab_AgeAdj,ProcSpeed_AgeAdj,DDisc_AUC_200,DDisc_AUC_40K,VSPLOT_TC,VSPLOT_CRTE,VSPLOT_OFF,SCPT_SEN,SCPT_SPEC,IWRD_TOT,IWRD_RTC,ListSort_AgeAdj
84.24,107.87,96.52,21.0,0.0,12617.0,98.76199,113.5742,125.28,0.13626458,0.5628908,21.0,1155.8,13.0,0.95,0.975,38.0,1529.5,94.33
94.08,103.17,99.96,15.0,4.0,6960.0,104.57,105.12,105.46,0.19941562,0.4829429,17.0,1027.0,23.0,0.9333,0.9083,37.0,1470.0,85.26
130.24,98.08,107.54,15.0,4.0,18900.0,75.10873000000001,84.61769,110.48,0.12480625,0.7031251999999999,12.0,1122.4045,22.0,0.9333,0.9833,37.0,1830.0,98.44
112.44,85.56,88.35,20.0,0.0,21438.5,91.68656999999999,103.6362,83.82,0.09459791,0.33177105,18.0,1011.6429,21.0,0.9833,0.95,37.0,1607.5,98.44
101.07,88.74,105.67,19.0,0.0,12280.0,113.6584,111.4745,74.17,0.08925938,0.71002626,15.0,1010.0,19.0,0.9833,0.9917,36.0,1320.0,98.44
114.48,98.77,101.52,21.0,0.0,18340.0,106.664,110.4547,61.72,0.6630875,0.7718752,12.0,872.5595,24.0,0.9833,0.9417,40.0,1355.0,103.57
78.94,94.11,108.23,17.0,2.0,15549.0,126.36,122.75,83.0,0.22220208,0.37421897,11.0,1474.1428,24.0,1.0,0.9083,38.0,1440.0,108.26
99.03,88.09,84.46,16.0,3.0,14714.5,111.5575,104.6504,121.65,0.58444166,0.7968751999999999,4.0,726.075,49.0,0.9,0.9833,36.0,1575.0,98.44
96.13,114.41,115.15,20.0,0.0,18660.5,100.7038,128.6437,61.18,0.072592705,0.3343752,18.0,1638.375,23.0,0.9667,0.9583,34.0,1830.0,108.26
104.6,100.27,113.75,24.0,0.0,25985.0,129.8786,134.2571,119.78,0.2975927,0.9015627,13.0,950.0,19.0,0.9833,0.9333,38.0,1620.0,132.49
130.24,102.9,108.67,16.0,3.0,11125.0,130.3289,125.3619,108.74,0.330275,0.7093752,22.0,1036.5910000000001,9.0,0.9667,0.9333,39.0,1807.5,108.26
97.37,105.69,96.19,14.0,5.0,6880.0,112.9757,116.9699,97.87,0.08847812599999999,0.5843752,16.0,1234.1339,23.0,0.9167,0.9417,30.0,1390.0,123.73
109.65,106.93,120.21,23.0,0.0,34739.0,128.5668,122.0294,72.46,0.41946772,0.9656252000000001,23.0,858.0,9.0,0.8833,0.975,33.0,1760.0,89.14
87.4,115.21,107.86,17.0,2.0,11560.0,124.6994,140.0933,108.74,0.617775,0.70976585,17.0,1099.8572,14.0,0.9833,0.9083,39.0,1260.0,103.57
101.12,108.59,106.76,21.0,0.0,13475.0,97.84483,111.3834,99.57,0.26946770000000003,0.90403664,16.0,959.0625,15.0,0.95,0.9667,34.0,1548.0,108.26
130.24,86.96,79.0,20.0,0.0,14170.5,101.2281,111.2759,75.77,0.032097917000000004,0.03723979,16.0,864.6429,21.0,0.9833,0.9333,35.0,1460.0,108.26
121.69,114.52,106.76,20.0,0.0,15240.0,92.96995,108.7726,119.78,0.06920729,0.15104188,12.0,1095.1704,27.0,0.9667,0.9167,36.0,1327.5,118.14
116.16,95.87,102.87,11.0,8.0,3860.0,70.76104000000001,72.34254,87.33,0.041472916,0.038021043,11.0,850.0,31.0,0.9833,0.9667,37.0,1469.75,103.57
102.94,95.05,99.02,9.0,10.0,4580.0,79.67491,77.77473,104.97,0.51881665,0.5979169,12.0,1057.617,28.0,0.95,0.975,29.0,1555.0,98.44
130.24,104.95,87.72,19.0,0.0,21520.0,112.4827,95.35282,89.14,0.19485833,0.17213562,14.0,1280.1948,25.0,0.9667,0.9833,39.0,1385.0,113.85
98.43,118.05,114.42,22.0,0.0,25801.0,102.97,108.59,99.39,0.054623958,0.36184916,17.0,871.25,17.0,1.0,0.9583,37.0,1490.0,98.44
118.78,101.08,106.07,22.0,0.0,26735.0,115.0654,127.5357,118.18,0.26412916,0.25989604,12.0,1816.875,22.0,1.0,0.9583,35.0,1745.0,98.44
101.07,93.73,95.92,22.0,0.0,32835.0,100.7544,122.6169,142.86,0.98444164,0.9843752,13.0,1582.2222,21.0,0.9833,0.9667,40.0,1137.5,85.26
107.36,117.42,118.6,21.0,0.0,27900.0,95.855,96.66138000000001,142.86,0.086525,0.6531252,16.0,1252.0834,18.0,0.9,0.9667,36.0,1335.0,118.14
116.16,89.17,104.32,22.0,0.0,13760.0,115.5135,110.1175,80.54,0.1224625,0.28307313,20.0,1155.6666,17.0,1.0,1.0,38.0,1567.5,103.57
81.1,85.85,86.06,16.0,3.0,32410.0,83.91790999999999,82.32327,80.54,0.21035312,0.76796895,18.0,1530.7291,14.0,0.8833,0.95,31.0,3192.5,94.33
73.88,103.66,108.31,19.0,0.0,18980.0,106.2066,119.6438,85.5,0.08509271,0.52291685,17.0,803.0,13.0,0.9167,0.8167,29.0,1352.5,89.14
81.19,114.82,113.29,19.0,0.0,19310.0,129.8786,93.5854,125.28,0.50579584,0.7851564,22.0,981.7171599999999,9.0,0.9833,1.0,33.0,1890.0,113.85
99.03,107.33,111.26,21.0,0.0,22663.0,122.1527,97.24002,131.89,0.33392084,0.95546895,24.0,1047.8625,8.0,1.0,0.9917,39.0,1098.0,108.26
130.24,119.65,104.06,21.0,0.0,13370.0,105.7283,102.9839,104.97,0.093295835,0.61028665,24.0,832.0,11.0,1.0,0.9583,39.0,1052.5,98.44
113.39,91.67,83.96,21.0,0.0,34090.0,118.488,113.8785,103.13,0.19772291,0.55416685,19.0,1032.8572,14.0,0.8167,0.9417,36.0,1415.0,128.24
104.06,95.91,115.46,21.0,0.0,16720.0,101.13,116.44,103.48,0.11035313,0.36328146,15.0,1091.4286,21.0,0.9833,0.925,37.0,1507.5,113.85
112.44,112.47,114.91,21.0,0.0,15940.0,115.42,117.53,93.06,0.35423332,0.5557294,17.0,1014.5455,22.0,1.0,0.975,38.0,1650.0,108.26
112.44,93.12,95.98,12.0,7.0,6570.0,105.5293,105.5726,65.78,0.30215,0.3515627,15.0,1496.125,17.0,1.0,0.975,38.0,1505.0,98.44
118.78,119.65,113.48,19.0,0.0,12340.0,121.835,107.965,136.71,0.2770198,0.44648459999999995,16.0,1023.23865,16.0,0.9833,0.95,36.0,1362.5,108.26
112.44,103.93,110.13,12.0,7.0,8465.0,90.27486,114.5555,130.65,0.96178544,0.9617190000000001,14.0,1782.0865,19.0,0.9333,0.95,35.0,1450.25,108.26
130.24,95.37,95.84,22.0,0.0,16841.5,97.66,109.57,102.77,0.27767083,0.23528667,16.0,969.1667,17.0,0.9,0.95,36.0,1552.5,108.26
80.08,98.78,89.55,10.0,9.0,3690.0,103.0397,92.81129,108.74,0.09707188,0.3684898,17.0,921.0,16.0,0.9333,0.95,29.0,1307.5,80.7
95.27,82.65,101.52,9.0,10.0,7340.0,78.13371,69.59044,66.72,0.056577083,0.13398458,11.0,980.0,32.0,0.9667,0.8833,38.0,1345.0,94.33
81.77,99.91,94.78,15.0,4.0,29570.0,87.74,86.19,97.53,0.12715,0.13710958,20.0,1398.6923,23.0,1.0,0.9417,38.0,2122.5,80.7
80.08,86.98,87.72,8.0,11.0,5390.0,74.97115,68.6812,90.9,0.09759271,0.079166874,5.0,898.1,85.0,0.8667,0.9583,34.0,1250.0,89.14
107.36,106.42,105.01,23.0,0.0,15980.0,122.169,115.1126,129.22,0.29082188,0.7703127,26.0,1244.4886,5.0,0.95,0.9333,35.0,1415.0,98.44
95.75,100.48,105.49,12.0,7.0,6594.5,113.4444,108.3791,106.9,0.03743646,0.122135624,8.0,984.0179,34.0,0.95,0.9583,31.0,1690.0,94.33
130.24,110.24,112.7,18.0,1.0,13084.0,92.45191,107.1083,143.56,0.59368646,0.9609377,17.0,714.8333,16.0,0.9833,0.9667,38.0,1320.0,108.26
101.07,102.25,102.12,21.0,0.0,17610.0,89.08700999999999,98.4372,101.27,0.27285314,0.8313804,10.0,923.4861,28.0,0.85,0.9833,40.0,1460.0,118.14
90.71,101.46,111.11,19.0,0.0,21200.0,119.5051,120.2185,80.54,0.26959792,0.9545575000000001,21.0,819.1667,10.0,0.9667,0.925,37.0,1217.5,89.14
108.85,92.93,93.62,13.0,6.0,5100.0,108.8717,101.4653,97.87,0.18834792,0.09453146,17.0,980.0,20.0,0.9667,0.9583,38.0,1467.5,103.57
89.97,104.4,117.39,21.0,0.0,15329.0,102.7752,114.7164,106.9,0.11699375,0.44869813,15.0,1004.875,19.0,0.9333,0.9,36.0,1535.0,98.44
91.63,103.42,110.41,19.0,0.0,20470.0,104.0187,107.7477,127.45,0.28079584,0.2734377,12.0,1541.0910000000001,26.0,0.9167,0.975,36.0,1335.0,98.44
110.97,110.35,119.3,23.0,0.0,33720.0,109.4565,124.8249,118.18,0.2005875,0.5507814,22.0,1108.6714,10.0,1.0,0.8667,40.0,1310.0,118.14
112.44,100.01,94.13,16.0,3.0,12775.0,116.2613,101.6183,85.5,0.11061354,0.37148458,18.0,1482.1428,17.0,0.9333,0.925,33.0,2277.5,98.44
121.69,118.41,106.76,18.0,1.0,15240.0,119.02,102.57,116.21,0.4720719,0.62734395,19.0,1475.5555,12.0,1.0,0.975,33.0,2112.5,98.44
110.97,112.04,112.77,17.0,2.0,9560.0,116.85,120.53,97.78,0.20931146,0.73671895,14.0,1223.5,19.0,0.9333,0.9333,38.0,1395.0,103.57
104.06,117.72,97.73,21.0,0.0,11440.0,133.9231,145.006,104.97,0.34798333,0.5296877,16.0,1035.0,21.0,0.95,0.9333,36.0,1552.5,94.33
82.43,109.73,96.35,15.0,4.0,12330.0,108.88,111.48,89.5,0.04603021,0.097135626,18.0,1362.3254,18.0,0.9833,0.9,37.0,1652.75,108.26
82.43,96.21,88.2,8.0,11.0,4860.0,64.56,90.3,62.24,0.015691666,0.21145855,13.0,1070.8182,28.0,0.9167,0.9333,26.0,1555.0,85.26
118.72,111.35,110.62,13.0,6.0,8650.0,98.63144,97.67724,136.87,0.24863437,0.9046877000000001,17.0,1194.2858,19.0,0.9333,0.975,39.0,1372.5,127.41
84.16,87.67,100.58,24.0,0.0,32027.0,119.31,125.96,84.26,0.6763688,0.84921896,15.0,1300.0,16.0,0.9,0.8833,30.0,1665.0,108.26
92.22,108.38,99.88,20.0,0.0,14420.0,115.595,104.7822,118.18,0.09446771,0.11328146,24.0,1458.9615,6.0,0.9333,0.9667,34.0,1800.0,123.73
110.97,111.05,111.73,21.0,0.0,11371.0,121.1654,131.626,125.28,0.17767084,0.26914084,18.0,797.3269,18.0,1.0,0.8417,35.0,1462.5,113.85
130.24,91.31,86.0,22.0,0.0,21349.0,125.1023,118.0895,123.33,0.18613437,0.41731793,14.0,500.0,17.0,0.9167,0.9333,36.0,1295.0,108.26
130.24,103.9,120.75,22.0,0.0,15189.0,86.89896,91.94673,79.15,0.5447281,0.83164084,16.0,1102.8943,17.0,1.0,0.95,38.0,1295.0,103.57
99.78,100.33,105.67,20.0,0.0,18355.0,109.6684,115.8851,114.51,0.10436354,0.6233075,16.0,780.2143,17.0,0.9667,0.95,38.0,1495.0,103.57
121.69,107.82,101.83,18.0,1.0,7834.5,119.2465,145.1715,131.89,0.24850416,0.6218752,16.0,799.2857,18.0,1.0,0.9083,38.0,1150.0,103.57
105.2,108.85,117.75,22.0,0.0,15848.0,128.5668,134.1956,119.78,0.10879063,0.3062502,15.0,1055.0,27.0,0.9167,1.0,40.0,1500.0,108.26
83.54,102.9,103.23,9.0,10.0,7370.0,102.2055,90.49834,89.14,0.04707187400000001,0.14466166,11.0,908.75,39.0,0.9833,0.95,36.0,1425.0,98.44
84.93,112.78,99.22,22.0,0.0,9330.0,120.6348,112.4969,108.74,0.48678540000000003,0.5906252,19.0,788.5714,12.0,0.9833,0.9083,39.0,1097.5,98.44
94.9,94.7,108.44,10.0,9.0,5480.0,90.26259,99.02767,101.27,0.11087396,0.030208541000000002,17.0,1119.0834,19.0,0.9333,0.8667,37.0,1095.0,94.33
121.69,89.94,79.42,20.0,0.0,14194.5,124.0343,91.91275,97.87,0.038478125,0.11250020599999999,24.0,1449.5673,7.0,0.9833,0.975,29.0,1495.0,108.26
117.47,101.64,76.81,15.0,4.0,21090.0,93.68968000000001,84.22622,72.46,0.045639582000000005,0.052474167,15.0,1095.7142,26.0,0.9667,0.975,34.0,1980.0,103.57
84.16,103.01,105.01,18.0,1.0,19485.0,120.3644,118.133,131.89,0.44811353,0.9617190000000001,14.0,1153.2858,21.0,0.9833,0.9917,30.0,1607.5,118.14
75.71,86.2,83.89,15.0,4.0,14629.0,73.40061,82.80967,83.82,0.46530104,0.43697938,5.0,762.3077,48.0,0.8833,0.95,38.0,1445.5,85.26
113.39,89.94,105.31,17.0,2.0,15099.0,90.81366,95.62628000000001,90.9,0.30892083,0.84466165,13.0,1431.125,25.0,0.9667,0.9417,37.0,1342.25,89.14
96.13,95.23,86.67,24.0,0.0,27895.0,112.7561,110.32,127.45,0.09850416,0.09791687,18.0,1371.726,16.0,0.9667,0.925,40.0,1292.5,80.7
112.44,89.66,99.38,17.0,2.0,11761.0,96.90819,94.15465,125.28,0.06386875,0.24153666,9.0,1060.0,67.0,0.9,0.9833,34.0,1565.25,103.57
112.44,90.91,91.17,21.0,0.0,21731.0,105.1158,100.1535,56.69,0.16699375,0.44544291,19.0,1442.5,14.0,0.9667,0.9417,35.0,2170.0,89.14
130.24,100.67,114.29,23.0,0.0,23690.0,118.84,130.2,119.6,0.20306146,0.39726582,18.0,1630.2858,13.0,0.9833,0.95,37.0,1347.5,123.73
130.24,105.2,110.82,22.0,0.0,21490.0,128.0854,121.8853,77.17,0.61660314,0.7602867,24.0,1954.9546,8.0,1.0,0.975,39.0,1232.5,123.73
78.92,81.94,90.61,8.0,11.0,7770.5,88.38409,94.85126,71.1,0.2611344,0.47200543,5.0,777.0,39.0,0.9667,0.9583,33.0,1442.5,98.44
98.43,117.42,114.42,16.0,3.0,13405.0,126.7981,121.2599,142.86,0.07975417,0.19960958,13.0,677.1429,21.0,0.9833,0.9917,35.0,1595.0,132.49
106.06,115.71,105.07,19.0,0.0,11499.0,88.4938,107.6023,110.48,0.11230625,0.2656252,16.0,843.2143,19.0,0.95,0.9667,36.0,2312.5,94.33
110.97,109.92,98.51,10.0,9.0,10975.0,71.70358,84.8568,97.87,0.0599625,0.7046876999999999,10.0,1087.3214,38.0,0.9667,0.975,38.0,1460.0,98.44
94.1,93.83,89.31,14.0,5.0,8053.0,108.9206,112.4314,71.1,0.8620458000000001,0.9434898000000002,17.0,573.0,14.0,0.9833,1.0,37.0,1377.5,103.57
130.24,89.8,86.06,23.0,0.0,30249.0,125.9454,124.1046,89.14,0.7128270999999999,0.7010419,24.0,1760.375,7.0,0.9667,0.9833,38.0,1545.0,128.24
91.63,95.29,107.86,21.0,0.0,25330.0,115.4131,115.229,74.17,0.035092708,0.20520854,6.0,935.1189999999999,45.0,1.0,0.9333,39.0,1672.5,108.26
91.25,96.9,99.02,19.0,0.0,42985.0,105.0,108.88,98.44,0.23691562,0.75091165,12.0,1814.4375,33.0,0.9667,0.975,38.0,1790.0,103.57
87.79,104.28,104.75,19.0,0.0,12500.0,96.45801,106.355,135.63,0.5744156,0.86497414,23.0,1346.25,9.0,0.95,0.9583,37.0,1515.0,103.57
109.65,106.42,102.12,13.0,6.0,5910.0,70.60240999999999,96.09736,89.14,0.10605625,0.60794294,9.0,1051.4286,29.0,0.9667,0.9417,30.0,2360.0,98.44
97.39,101.68,93.3,22.0,0.0,17855.0,116.2795,123.2858,118.18,0.44928542,0.7656251999999999,19.0,1136.5555,17.0,1.0,0.9833,35.0,1435.0,108.26
112.44,93.22,100.47,16.0,3.0,22765.0,118.2251,110.8873,96.12,0.58444166,0.9375002,19.0,1145.9166,13.0,0.9667,0.8917,39.0,1517.5,89.14
93.36,106.42,106.27,21.0,0.0,22100.0,112.432,145.0916,101.27,0.15436354,0.37929708,21.0,1218.0,12.0,0.8833,0.95,39.0,1657.5,108.26
98.24,94.27,86.0,19.0,0.0,23849.0,117.1965,120.5509,85.5,0.34004062,0.7578126999999999,17.0,1824.2858,20.0,0.9333,0.95,37.0,1579.5,103.57
130.24,114.32,95.33,19.0,0.0,13320.0,119.7719,110.1132,112.44,0.2318375,0.27369812,20.0,1381.875,14.0,1.0,0.9833,35.0,1557.5,98.44
121.69,87.27,110.06,23.0,0.0,23980.0,128.7861,145.0916,123.33,0.24629062,0.9257814,16.0,1245.0863,20.0,0.9833,0.8917,38.0,1245.0,108.26
98.32,85.2,84.09,12.0,7.0,13640.0,99.08466,108.4599,61.72,0.2334,0.90546894,7.0,1355.0,41.0,1.0,0.9833,31.0,3097.5,89.14
96.42,103.63,93.15,19.0,0.0,13680.0,121.027,113.3908,103.13,0.25774896,0.79921895,20.0,1110.8036,12.0,0.9667,0.9583,39.0,1312.5,123.73
100.04,108.72,103.98,20.0,0.0,10140.0,130.23,133.88,118.96,0.49069166,0.7226564,16.0,923.8071,21.0,1.0,0.9917,36.0,1260.0,113.85
102.94,84.15,88.89,22.0,0.0,16831.0,128.57,114.72,81.26,0.2380875,0.631771,17.0,1218.3,19.0,0.9167,0.9583,35.0,1665.0,118.14
112.44,117.52,108.88,19.0,0.0,13669.0,116.76,88.53,112.3,0.024025,0.4968752,12.0,889.1518,28.0,1.0,0.9833,32.0,1269.75,113.85
89.99,89.78,104.87,18.0,1.0,11045.0,104.35,104.6,97.99,0.37311354,0.57734394,16.0,748.0555400000001,21.0,0.8333,0.9583,36.0,1942.5,89.14
81.1,110.65,108.88,21.0,0.0,14890.0,106.9596,133.0465,119.78,0.274025,0.8390627,16.0,1036.7411,21.0,1.0,0.9833,32.0,1590.0,98.44
130.24,85.56,92.18,21.0,0.0,23279.0,113.07,111.04,68.08,0.30084792,0.37916687,17.0,1391.25,19.0,0.95,0.925,40.0,1435.0,113.85
96.13,96.77,84.67,8.0,11.0,4875.0,94.68,68.71,96.94,0.015691666,0.015625208999999998,5.0,1001.8182,131.0,0.9833,0.9,33.0,1677.5,80.7
121.69,101.48,89.57,20.0,0.0,24555.0,88.82562,87.21114,121.65,0.29017082,0.55729187,19.0,1091.4286,17.0,0.9167,0.9917,38.0,1360.0,103.57
117.47,90.98,103.74,17.0,2.0,9210.0,129.8786,133.1794,92.66,0.44043124,0.5071617,18.0,1136.325,16.0,1.0,0.925,37.0,1085.0,118.14
101.87,94.14,108.15,19.0,0.0,7889.0,93.4631,109.1893,112.44,0.242775,0.96328145,18.0,1097.4375,18.0,0.9833,0.975,39.0,1292.5,89.14
85.4,96.05,89.05,10.0,9.0,3635.0,86.4437,97.16158,92.66,0.08691563,0.16015646,15.0,1177.0,22.0,0.8667,0.9333,35.0,1690.0,85.26
105.2,115.3,108.67,20.0,0.0,23350.5,125.3195,140.2298,137.14,0.12728019999999998,0.39804709999999993,12.0,1136.4286,21.0,0.9833,0.9333,40.0,1022.5,108.26
116.16,85.97,101.18,14.0,5.0,10025.5,102.75,119.12,91.72,0.39095208,0.20117208,16.0,1469.5,22.0,0.9833,0.9833,33.0,1945.25,89.14
111.75,118.6,112.02,20.0,0.0,18205.0,126.7981,102.0919,75.77,0.2849625,0.54921895,19.0,1152.5,12.0,0.8333,0.975,36.0,1440.0,108.26
83.54,110.59,105.81,12.0,7.0,12230.0,92.13217,127.3658,104.97,0.15501459,0.26145855,22.0,1127.1428,9.0,0.95,0.975,33.0,1180.0,94.33
121.69,90.16,100.65,15.0,4.0,8550.0,115.78,124.94,71.09,0.19603021,0.19570333,12.0,1215.9148,24.0,1.0,0.9583,33.0,1277.5,118.14
72.74,112.64,108.99,21.0,0.0,14580.0,98.92,100.98,105.63,0.09980625,0.21093771,17.0,1259.1818,13.0,0.9333,0.95,34.0,1722.5,98.44
67.68,99.68,89.57,21.0,0.0,33184.0,122.2756,113.6893,112.44,0.6891292,0.7453126999999999,13.0,1395.9,26.0,0.9,0.9667,39.0,1147.5,89.14
130.24,115.13,113.44,23.0,0.0,29150.0,132.5669,149.1974,87.33,0.4459,0.71328145,23.0,880.0,7.0,0.9833,0.95,40.0,1177.5,118.14
111.75,108.72,116.11,9.0,10.0,6140.0,74.45,94.03,90.71,0.2224625,0.8835940000000001,15.0,1047.7778,19.0,0.9167,0.9167,36.0,1535.0,118.14
91.63,89.1,99.5,8.0,11.0,3552.0,100.79,106.09,79.65,0.26673332,0.60390645,9.0,807.0,51.0,0.9833,0.9417,36.0,1360.0,98.44
121.69,115.7,92.74,8.0,11.0,4855.0,113.0923,96.5797,82.24,0.10006667,0.28971374,20.0,901.7094,12.0,0.9833,0.9417,33.0,1375.0,113.85
118.78,104.28,112.02,21.0,0.0,21479.0,119.0103,123.15700000000001,74.17,0.3318375,0.41809916,10.0,923.26624,28.0,0.9667,0.9417,31.0,1742.5,98.44
112.44,105.33,105.31,20.0,0.0,12570.0,105.5519,108.1369,97.87,0.11022291,0.48203146,10.0,1003.8542,33.0,0.9833,0.9833,34.0,1320.0,123.73
91.25,88.63,88.13,23.0,0.0,22080.0,112.4302,113.5219,118.18,0.3568375,0.61979187,16.0,1648.7,18.0,0.9667,0.975,39.0,1337.5,94.33
101.69,115.18,114.18,23.0,0.0,12280.0,132.4124,146.5971,96.12,0.8016291999999999,0.8687502,18.0,608.0952,14.0,1.0,0.975,38.0,1240.0,108.26
78.19,100.25,111.48,20.0,0.0,18285.0,126.3363,124.2263,75.77,0.039389584,0.21614604,17.0,910.0,20.0,0.8833,0.9833,38.0,1560.0,98.44
118.78,104.28,112.02,17.0,2.0,8820.0,123.7689,132.7039,112.44,0.35280105,0.8656252000000001,16.0,747.0833,17.0,0.95,0.975,27.0,1255.0,98.44
92.27,95.27,86.79,21.0,0.0,13650.0,112.5692,108.6063,96.12,0.15892084,0.16041687,15.0,985.4545,25.0,0.9833,0.95,36.0,1310.0,113.85
93.37,92.34,84.97,12.0,7.0,5176.5,90.52,92.34,106.95,0.06425937,0.10416687,16.0,1264.5714,22.0,0.8833,0.8833,33.0,1802.5,85.26
118.78,103.9,101.5,9.0,10.0,3200.0,96.01463000000001,101.9643,112.44,0.13548334,0.19843770000000002,17.0,669.1667,15.0,1.0,0.9833,40.0,1487.5,94.33
76.17,91.32,100.75,13.0,6.0,7071.0,80.83,74.63,99.37,0.03170729,0.04739604,11.0,1089.9089999999999,23.0,0.9833,0.775,30.0,1512.25,98.44
112.44,86.69,99.7,20.0,0.0,18614.0,91.65639,97.72046999999999,97.87,0.19707188,0.4656252,16.0,1050.3036,19.0,0.9667,0.925,29.0,1735.0,80.7
99.02,110.36,101.01,13.0,6.0,7710.0,99.83,100.16,82.79,0.38313958,0.64622414,11.0,1278.1,28.0,0.8833,0.9083,35.0,1465.0,89.14
92.22,116.31,99.42,19.0,0.0,9590.0,130.2957,146.5971,137.14,0.07103021,0.46184915,18.0,829.0,16.0,0.8833,0.9083,38.0,1040.0,108.26
121.69,113.71,95.22,23.0,0.0,21880.0,117.855,126.26799999999999,87.33,0.32975417,0.7203126999999999,20.0,841.0227,14.0,0.9833,0.95,34.0,1397.5,132.49
112.22,96.6,103.23,19.0,0.0,20080.0,90.42704,117.0253,74.17,0.053972915,0.08737,15.0,925.7143,18.0,0.9667,0.9667,31.0,1470.0,98.44
77.31,87.48,89.53,7.0,12.0,3328.0,89.9347,126.029,106.31,0.0443375,0.07812521,2.0,493.08635999999996,85.0,0.7833,0.975,31.0,1364.75,98.44
83.54,100.22,101.76,16.0,3.0,22254.0,110.56,118.89,94.68,0.12975417,0.772396,21.0,1162.1538,11.0,0.9833,0.9667,32.0,1680.0,103.57
130.24,99.36,113.13,20.0,0.0,16780.0,100.77,112.54,109.47,0.35123855,0.41796896,18.0,1312.2142,12.0,0.9833,0.9583,36.0,1367.5,103.57
90.71,88.87,99.38,7.0,12.0,3610.0,92.12,78.68,89.52,0.029884376,0.016536666000000002,10.0,638.5,36.0,0.9167,0.95,30.0,1430.0,89.14
130.24,90.13,103.84,19.0,0.0,19490.0,122.0106,126.5148,112.44,0.32506666,0.8515627,22.0,1181.1154,8.0,1.0,0.9667,36.0,1675.0,113.85
78.94,87.17,89.53,8.0,11.0,4375.0,81.63425,78.11943000000001,83.82,0.07168125,0.17200541,8.0,1101.1111,35.0,0.9333,0.975,34.0,1705.0,76.81
62.14,89.21,98.96,20.0,0.0,15785.0,94.47498,118.9075,101.27,0.18704583,0.8218752,19.0,951.4286,15.0,0.95,0.8833,32.0,1667.5,103.57
116.16,96.82,107.74,17.0,2.0,24121.0,91.86,101.72,90.62,0.51881665,0.5843752,14.0,1307.8636,21.0,0.9167,0.95,35.0,1595.0,98.44
107.36,98.55,87.88,21.0,0.0,11521.0,104.73,113.09,94.43,0.1629573,0.06757833,15.0,978.53845,16.0,1.0,0.975,37.0,1377.5,113.85
104.6,108.33,106.27,15.0,4.0,8100.0,131.6158,140.1863,92.66,0.13730624,0.31237,14.0,707.6929,28.0,1.0,0.9833,38.0,1440.0,113.85
101.61,100.39,108.23,14.0,5.0,12285.0,125.39,132.32,116.24,0.20787917,0.08828146,12.0,817.58655,32.0,0.9667,0.9417,35.0,1387.5,98.44
101.12,116.31,113.13,22.0,0.0,24500.0,125.0612,129.0164,129.22,0.35162917,0.72916687,17.0,547.0,15.0,0.95,0.95,38.0,1360.0,98.44
130.24,105.58,110.49,13.0,6.0,3750.0,106.27,105.76,108.45,0.24407709,0.13541688,14.0,800.86365,19.0,0.9833,0.9917,36.0,2015.0,98.44
113.39,106.92,105.15,17.0,2.0,9660.0,128.0018,120.3801,116.46,0.43912917,0.22851583,13.0,940.0,25.0,1.0,0.9417,28.0,1277.5,123.73
112.44,87.17,97.9,24.0,0.0,16076.0,115.5874,127.3936,131.89,0.14147292,0.21848979999999996,21.0,1208.1,9.0,0.9833,0.9917,37.0,1455.0,89.14
130.24,99.68,104.4,21.0,0.0,24521.0,119.5923,102.7025,90.9,0.44772290000000003,0.8309898000000001,20.0,1870.0549,12.0,1.0,0.9917,36.0,1685.0,123.73
112.44,119.6,117.22,19.0,0.0,15200.0,122.8613,123.3733,85.5,0.3130875,0.2062502,17.0,1120.0,16.0,0.95,0.9417,36.0,1930.0,89.14
78.94,101.17,95.44,21.0,0.0,22050.0,119.76,125.24,72.41,0.40983230000000004,0.5750002,20.0,2201.4019,13.0,0.9667,0.95,34.0,1672.75,118.14
86.78,92.55,86.81,20.0,0.0,19105.0,83.66571,83.26414,103.13,0.1551448,0.45703146,17.0,1598.7142,19.0,1.0,0.9833,37.0,1685.0,94.33
105.2,104.4,106.68,21.0,0.0,15023.0,124.24,118.97,111.58,0.2612646,0.87421894,14.0,607.25,21.0,0.9833,0.925,36.0,1556.0,89.14
89.97,113.98,108.15,21.0,0.0,14060.0,92.09071,110.9818,101.27,0.027019791,0.032031458,22.0,1426.0983,10.0,1.0,0.95,33.0,1445.0,108.26
106.06,110.89,109.1,8.0,11.0,4755.0,95.28029000000001,88.71889,110.48,0.22350417,0.28046897,24.0,692.3295,7.0,0.9833,0.9833,32.0,1432.5,89.14
85.4,109.56,108.67,13.0,6.0,5090.0,122.0801,117.8291,141.73,0.08444167,0.54544294,21.0,846.6667,9.0,0.9,0.9,33.0,1572.5,94.33
113.39,111.05,111.48,12.0,7.0,7395.0,122.2757,116.2235,85.5,0.48144686,0.7718752,14.0,1297.0,19.0,0.9833,0.9833,37.0,1560.0,103.57
121.69,57.79,89.01,11.0,8.0,4100.0,104.2635,106.0891,134.24,0.70944166,0.9843752,16.0,877.0714,26.0,1.0,0.9917,34.0,1524.75,108.26
99.78,108.85,112.58,24.0,0.0,22035.5,118.58,145.09,103.49,0.18860833,0.44427103,14.0,1300.375,25.0,0.9333,0.95,35.0,1427.5,108.26
104.06,99.78,96.54,7.0,12.0,3150.0,125.361,117.1475,90.9,0.19954583,0.6665367,13.0,1384.4445,23.0,0.9667,0.9917,39.0,1577.5,113.85
96.13,97.44,91.66,18.0,1.0,18774.5,79.96414,98.98373000000001,108.74,0.136525,0.121745,14.0,1068.3071,30.0,1.0,0.9917,36.0,1407.5,98.44
110.97,110.46,106.76,13.0,6.0,4150.0,84.15554,114.7352,77.17,0.12780105,0.7359376999999999,17.0,886.25,19.0,0.9167,0.9167,36.0,1425.0,89.14
110.97,98.47,112.44,21.0,0.0,18360.0,106.36,117.03,82.02,0.09524896,0.6165366999999999,16.0,1154.5714,16.0,1.0,0.975,38.0,1440.0,89.14
118.78,98.0,115.7,22.0,0.0,14854.5,129.8786,152.0354,141.73,0.5281916999999999,0.8437502,15.0,1033.625,20.0,1.0,0.975,38.0,1200.0,123.73
82.71,91.11,101.01,19.0,0.0,30091.0,122.2742,134.0624,106.9,0.20605625,0.50117207,14.0,1084.4642,23.0,1.0,0.975,37.0,1540.0,66.49
88.95,107.92,103.23,18.0,1.0,18205.0,98.00652,106.2438,83.82,0.16204584,0.47031270000000003,20.0,1339.0278,11.0,0.9167,0.975,32.0,2660.0,89.14
109.65,101.08,98.44,19.0,0.0,13970.0,114.9491,120.6439,101.27,0.292775,0.706771,14.0,978.2323,32.0,0.9333,0.95,39.0,1630.0,113.85
121.69,114.08,116.11,20.0,0.0,12875.0,108.7447,106.3514,131.89,0.14329584,0.34114605,21.0,998.0,10.0,0.9833,0.9333,39.0,1377.5,118.14
114.48,96.64,100.58,19.0,0.0,11060.0,122.2444,105.514,131.89,0.22701979,0.8718752000000001,13.0,820.0,22.0,1.0,0.9583,37.0,1367.0,113.85
94.08,96.65,82.3,21.0,0.0,23530.0,121.3874,113.9937,97.87,0.04316562400000001,0.16914083,16.0,1016.125,16.0,0.95,0.9917,37.0,1760.0,108.26
91.88,112.7,107.39,18.0,1.0,17380.5,104.7177,117.0446,142.86,0.12936354,0.2876304,21.0,1524.6364,11.0,0.95,0.975,33.0,1805.5,98.44
98.43,89.91,105.31,17.0,2.0,17310.0,94.20844,85.32791,114.51,0.36256668,0.5656251999999999,17.0,1234.6154,22.0,1.0,0.9667,38.0,1490.0,98.44
110.97,99.21,105.31,11.0,8.0,3850.0,86.04,94.89,115.61,0.037566666,0.19791688,6.0,566.5873,69.0,0.5333,0.9917,32.0,1335.0,108.26
88.59,108.16,93.15,20.0,0.0,20856.0,107.67,109.7,81.06,0.3378271,0.8125001999999999,12.0,1147.7024,22.0,0.9833,0.9667,38.0,1693.0,98.44
105.2,110.43,109.1,10.0,9.0,3095.0,102.9649,126.2728,136.71,0.22389479,0.9617190000000001,12.0,934.8889,26.0,1.0,0.9417,37.0,1250.0,98.44
102.59,93.67,85.51,12.0,7.0,5574.5,101.5162,112.3475,121.65,0.32715,0.82265645,17.0,1158.5714,24.0,0.9333,0.9417,35.0,1417.5,108.26
112.44,110.27,97.5,16.0,3.0,7995.0,96.54,112.05,97.67,0.374025,0.93984395,15.0,1053.75,26.0,0.8167,0.9833,36.0,1475.0,89.14
89.97,118.05,115.63,13.0,6.0,7141.0,112.3,101.2,101.57,0.28105626,0.6776044,11.0,817.0,27.0,0.9333,0.9417,32.0,1775.0,94.33
96.42,93.03,87.3,22.0,0.0,12941.5,97.1,113.18,88.97,0.04603021,0.5209636999999999,14.0,896.76624,22.0,0.9167,0.9833,34.0,1610.0,113.85
82.71,97.55,101.47,18.0,1.0,11655.5,111.29,116.6,101.13,0.15983229999999998,0.8593752,18.0,1132.3572,13.0,0.8667,0.8917,34.0,1475.0,103.57
96.13,108.16,100.09,21.0,0.0,16999.0,120.9012,122.9126,85.5,0.102019794,0.31679708,21.0,1330.0,14.0,0.9833,0.9833,37.0,2387.5,113.85
85.34,113.05,90.75,18.0,1.0,19860.0,127.2626,114.4925,119.78,0.37480626,0.9421877000000001,15.0,1338.75,17.0,0.0,1.0,37.0,1657.5,103.57
101.69,102.6,113.29,14.0,5.0,5064.5,104.65,115.33,97.54,0.27311355,0.8470054,13.0,630.0,21.0,0.9333,0.9417,36.0,1424.75,103.57
110.97,103.93,107.8,20.0,0.0,8668.5,107.06,114.66,119.74,0.30488437,0.19987,15.0,975.0,20.0,0.9667,0.9583,38.0,1069.0,113.85
103.95,88.23,113.51,22.0,0.0,23940.0,111.01,108.28,103.98,0.8477229,0.8859377,10.0,1240.9524,31.0,0.9667,0.975,35.0,1630.0,117.24
91.88,93.43,107.39,20.0,0.0,18665.0,125.3154,115.4986,85.5,0.070769794,0.38177103,11.0,914.875,22.0,1.0,0.9833,36.0,1257.5,94.33
106.06,108.59,105.93,15.0,4.0,8240.0,102.7533,107.9928,136.71,0.13678542,0.21302104,18.0,728.4524,14.0,0.9833,0.9583,35.0,1227.5,103.57
61.33,97.87,79.42,8.0,11.0,6754.0,81.4974,65.68985,84.87,0.29225418,0.6062502,5.0,2201.6365,112.0,0.9,0.8667,37.0,1497.0,75.82
74.88,88.1,87.75,9.0,10.0,8037.0,82.91045,105.5026,104.97,0.045379166,0.11289083,15.0,1126.25,24.0,0.9,0.9417,38.0,1779.0,103.57
106.96,113.76,101.9,16.0,3.0,8335.5,97.05,114.7,112.46,0.039259374,0.13958354,13.0,970.0909,29.0,0.9,0.9417,36.0,1268.0,97.6
90.6,97.77,84.05,21.0,0.0,32119.0,105.2217,95.94632,91.83,0.15201979999999998,0.5828127,14.0,1020.8461,22.0,1.0,0.975,35.0,1365.0,122.75
130.24,96.11,92.69,21.0,0.0,23798.0,119.7683,119.7647,110.48,0.105926044,0.85794294,17.0,1795.4445,15.0,0.9667,0.9917,35.0,1652.5,98.44
96.42,105.09,108.31,22.0,0.0,33790.5,118.19,115.26,77.6,0.35423332,0.8078126999999999,17.0,996.6667,14.0,0.9833,0.9583,34.0,1545.0,94.33
116.16,103.79,104.06,19.0,0.0,32470.0,88.46,95.01,72.22,0.12506667,0.18385437,9.0,1112.0,34.0,0.8833,0.9583,38.0,1380.0,89.14
130.24,116.4,120.75,23.0,0.0,39911.0,118.4956,126.5039,99.57,0.49069166,0.9765627,21.0,1295.3846,10.0,0.9333,0.9917,39.0,1105.0,118.14
101.12,110.97,117.14,23.0,0.0,18520.0,104.9859,120.4676,146.4,0.6212906,0.7695314,19.0,1215.7142,13.0,1.0,0.9917,36.0,1320.0,98.44
82.43,97.36,116.02,18.0,1.0,23950.0,90.94104,93.52174000000001,106.9,0.30748853,0.76237,15.0,1101.0,18.0,0.9667,0.9083,36.0,1332.5,94.33
107.36,117.98,120.75,21.0,0.0,15291.0,137.87,146.64,111.72,0.2068375,0.5000002,19.0,860.0833,13.0,1.0,0.9917,39.0,1535.25,108.26
98.67,101.95,88.36,21.0,0.0,20659.0,113.4053,117.5284,113.48,0.74563956,0.8233075000000001,12.0,732.86365,23.0,1.0,1.0,37.0,1482.25,102.63
130.24,90.93,114.29,20.0,0.0,13820.0,96.84908,113.4462,137.14,0.18756667,0.37044293,19.0,785.0,18.0,1.0,0.925,35.0,1455.0,98.44
99.03,98.49,83.84,20.0,0.0,22365.0,122.8106,132.4502,89.14,0.98444164,0.9453127,19.0,1044.0834,15.0,1.0,0.9667,37.0,1475.0,136.46
113.29,108.73,106.83,18.0,1.0,23283.0,119.98,126.6909,124.42,0.32649896,0.5502606,15.0,1381.25,20.0,0.9667,0.9583,37.0,2045.0,112.66
111.31,106.84,100.58,19.0,0.0,21640.0,101.2901,99.97051,91.83,0.059441667000000004,0.33737,14.0,1081.875,18.0,0.9833,0.8417,32.0,1470.0,107.32
125.19,110.25,113.21,24.0,0.0,34726.0,110.0894,114.3596,136.19,0.12884271,0.15885438,20.0,1584.0286,12.0,1.0,1.0,38.0,1382.5,102.63
108.22,96.21,112.33,7.0,12.0,5920.0,102.5672,94.3036,86.51,0.13743646,0.3953127,5.0,690.0,40.0,0.9667,0.975,36.0,1595.0,117.24
112.22,111.39,100.37,22.0,0.0,30865.0,110.34,118.64,90.94,0.2960302,0.38359395,14.0,1174.2858,19.0,0.95,0.9667,39.0,1417.5,98.44
81.1,104.79,95.64,19.0,0.0,16109.0,68.40926999999999,94.897,114.51,0.13131666,0.6125001999999999,11.0,1541.25,23.0,0.9833,0.95,37.0,1542.0,85.26
112.44,87.02,92.0,14.0,5.0,18125.0,95.96,99.82,69.7,0.15787917,0.5588544,10.0,1294.4506,27.0,0.8833,0.9833,37.0,1482.5,103.57
113.39,97.92,102.68,11.0,8.0,6640.0,96.29547,105.5462,97.87,0.18248855,0.044140834000000004,15.0,1846.9,19.0,0.9667,1.0,37.0,1732.5,94.33
90.94,93.1,102.68,7.0,12.0,3380.0,96.77723,82.59318,121.65,0.49616042,0.45625022,19.0,835.36365,12.0,0.9333,0.8083,33.0,1601.75,89.14
134.81,110.04,112.1,11.0,8.0,4450.0,113.2552,104.7501,113.48,0.32350418,0.86523455,20.0,986.6875,19.0,0.9667,0.9917,39.0,1367.5,84.01
79.93,82.64,87.3,4.0,15.0,5935.0,79.29,68.55,61.61,0.2524104,0.34934917,12.0,1254.011,23.0,0.95,0.975,31.0,1932.5,80.7
82.67,91.47,112.94,16.0,3.0,13155.5,86.45,98.46,84.73,0.059702082999999996,0.8108075,12.0,782.3626,25.0,0.9667,0.8583,34.0,1910.0,113.85
97.12,87.52,95.92,19.0,0.0,43909.0,113.33,117.78,75.48,0.31660312,0.7437501999999999,14.0,1308.5803,23.0,0.9167,0.95,33.0,2131.5,94.33
113.29,103.51,95.32,20.0,0.0,20190.0,81.49724,82.96337,73.5,0.10410312599999999,0.10286479400000001,7.0,1540.1428,71.0,0.95,0.925,36.0,1575.0,112.66
93.32,108.72,108.23,11.0,8.0,3950.0,82.71556,98.43794,115.61,0.08170729,0.3110679,20.0,877.7778,14.0,1.0,0.8917,38.0,1837.5,112.66
116.16,102.7,99.47,12.0,7.0,4110.0,128.57,130.91,104.68,0.5852229,0.9453127,11.0,580.9091,31.0,0.9833,0.925,38.0,1290.0,94.33
130.24,101.01,94.83,10.0,9.0,5369.5,101.1885,78.76172,119.78,0.16386876,0.32903665,9.0,1021.4286,39.0,0.95,0.975,35.0,1172.5,108.26
91.88,114.12,104.32,19.0,0.0,33989.0,117.325,115.1222,136.71,0.20696771,0.29166687,16.0,1149.1428,20.0,1.0,0.9667,38.0,1315.0,103.57
116.37,106.14,88.0,23.0,0.0,41393.0,128.7075,124.7169,136.19,0.46686354,0.6352867,15.0,2213.75,15.0,0.9333,0.9583,38.0,1522.5,112.66
120.31,102.83,94.77,24.0,0.0,16624.5,120.3854,111.6,119.1,0.23066562,0.633594,15.0,1651.25,20.0,1.0,0.9667,36.0,1877.25,131.78
106.06,115.55,103.1,21.0,0.0,16810.0,122.0148,110.3501,138.01,0.18470208,0.7328127,17.0,998.0,16.0,0.9,0.95,37.0,1252.5,103.57
104.62,105.92,98.63,19.0,0.0,10931.0,116.03,119.75,105.9,0.30475417,0.8265627000000001,21.0,772.2222,11.0,1.0,0.9917,34.0,1865.0,117.24
101.07,106.41,106.46,21.0,0.0,22151.0,125.0452,140.0933,99.57,0.60306144,0.9382815000000001,21.0,1697.1428,10.0,0.9833,0.9917,38.0,1760.0,113.85
110.21,118.64,103.71,9.0,10.0,4462.0,86.33,96.06,107.32,0.22116041,0.49348980000000003,19.0,804.5714,14.0,1.0,0.9917,31.0,1723.75,93.3
106.3,98.77,98.0,15.0,4.0,12210.0,92.62402,93.16797,113.48,0.2488948,0.83046895,6.0,755.7197,46.0,0.9,0.9583,32.0,1725.0,84.01
106.3,96.85,94.84,21.0,0.0,16468.0,110.2203,114.8949,81.57,0.30670729999999996,0.63632834,13.0,1040.0,27.0,0.9833,0.9667,34.0,1600.0,122.75
125.19,111.85,112.21,16.0,3.0,15515.5,77.70728000000001,103.8343,122.43,0.15254062,0.17408875,15.0,906.0,20.0,1.0,0.975,32.0,1680.0,97.6
96.01,93.67,80.64,21.0,0.0,22149.0,110.78,108.17,90.66,0.45084792,0.8593752,24.0,2237.125,6.0,1.0,0.9917,37.0,1540.25,112.66
102.88,117.41,120.33,19.0,0.0,11620.0,98.56,106.51,119.86,0.25618646,0.6828126999999999,17.0,1394.2858,14.0,0.9833,0.9833,36.0,1730.0,117.24
110.21,97.96,104.25,19.0,0.0,18900.0,87.78759000000001,103.5143,107.94,0.16673334,0.48945335,18.0,1293.6608,19.0,0.9167,0.875,37.0,2010.0,107.32
118.72,96.19,103.71,21.0,0.0,30061.0,103.5407,113.9972,105.92,0.98444164,0.9843752,22.0,1446.6666,9.0,0.9833,0.9583,36.0,1625.0,102.63
125.19,81.98,78.05,22.0,0.0,38852.0,126.6145,144.6374,80.03,0.2693375,0.5218752000000001,17.0,1964.875,14.0,1.0,0.9833,37.0,1245.0,127.41
125.19,106.29,102.17,21.0,0.0,26520.0,128.1176,132.7172,104.04,0.039129168,0.4372398,15.0,1282.5,19.0,1.0,0.9583,37.0,1627.5,122.75
113.39,88.52,80.41,20.0,0.0,10329.5,88.96635,113.7274,103.13,0.5065771,0.9309898000000001,21.0,728.9,12.0,1.0,0.9917,37.0,1467.5,118.14
134.81,106.42,92.47,11.0,8.0,3750.0,99.09,100.95,99.32,0.3285823,0.8453127,17.0,1320.0,20.0,1.0,0.975,37.0,1817.5,93.3
90.6,104.59,98.24,18.0,1.0,11329.5,115.1373,97.86176,122.43,0.21412916,0.79309916,18.0,1179.0447,18.0,0.9667,0.9583,34.0,1535.0,112.66
109.02,99.04,94.77,18.0,1.0,16981.5,110.56,117.51,94.25,0.33600417,0.7359376999999999,13.0,1292.5,23.0,1.0,0.9833,35.0,1609.5,84.01
114.88,109.81,99.24,22.0,0.0,15194.5,109.0373,112.5922,144.44,0.13847813,0.805469,19.0,995.0,18.0,0.9833,0.9833,39.0,1287.5,112.66
111.31,117.45,118.46,21.0,0.0,22850.0,99.19353000000001,105.2437,144.06,0.14772291,0.47395855,20.0,1370.8334,11.0,0.9833,0.975,35.0,1480.0,112.66
88.2,122.65,108.23,15.0,4.0,8030.0,93.67241999999999,86.79604,126.24,0.25084789999999996,0.6425783,19.0,1120.0,17.0,0.9667,0.9833,35.0,1502.5,102.63
73.89,111.35,111.44,20.0,0.0,17920.0,89.04018,100.0631,137.66,0.19290520000000003,0.15703146,16.0,685.9821,18.0,0.9667,0.95,34.0,1365.0,112.66
125.19,88.63,96.5,13.0,6.0,8840.0,85.27905,113.2326,67.13,0.30853020000000003,0.6158855999999999,12.0,1493.4089999999999,28.0,0.9667,0.9333,36.0,2230.0,117.24
105.8,118.97,108.96,18.0,1.0,16665.0,87.61424,107.9393,136.87,0.120639585,0.7734376999999999,18.0,960.9286,17.0,0.95,0.9167,32.0,1825.0,102.63
113.29,91.6,72.81,18.0,1.0,26980.0,118.5772,112.5362,46.07,0.019467708,0.14140646,18.0,1085.8572,15.0,1.0,0.975,35.0,1337.5,107.32
101.58,109.21,94.77,23.0,0.0,23229.0,115.9135,127.1666,119.1,0.46725416,0.7541669,10.0,1595.9176,35.0,0.9833,0.9333,39.0,1687.0,122.75
100.63,96.37,95.65,14.0,5.0,23790.0,105.6342,94.20238,93.58,0.39069167,0.33111999999999997,11.0,1070.9089999999999,35.0,0.9667,0.9667,36.0,1405.0,97.6
134.81,109.98,99.05,18.0,1.0,14844.5,120.098,103.4102,141.31,0.39082187,0.69296896,22.0,1581.8131,9.0,1.0,0.9917,37.0,1259.5,122.75
95.94,105.48,115.03,12.0,7.0,7314.5,97.07,113.35,83.46,0.050066665,0.22708355,18.0,791.30115,12.0,0.95,0.95,29.0,1562.25,88.33
113.29,117.58,112.98,22.0,0.0,18980.0,101.1369,101.2065,133.66,0.081316665,0.33059916,14.0,1095.1154,29.0,0.95,0.9833,39.0,1565.0,131.78
110.21,101.78,104.77,10.0,9.0,10070.0,113.0443,102.6465,93.58,0.15970208,0.62734395,15.0,1368.75,22.0,0.95,0.975,40.0,1542.5,84.01
114.88,96.02,101.09,23.0,0.0,22350.0,121.1905,114.4066,105.92,0.17441562,0.28867209999999993,11.0,1327.0,38.0,0.95,0.8833,37.0,1645.0,112.66
101.54,114.88,106.9,8.0,11.0,2860.0,78.69286,75.42485,111.48,0.078321874,0.34322938,9.0,553.75,44.0,0.9833,0.9333,36.0,1225.0,107.32
104.28,116.96,113.21,14.0,5.0,7270.0,111.72,98.43,98.24,0.26803540000000003,0.4031252,11.0,941.0,27.0,0.9333,0.9667,31.0,1704.75,93.3
93.83,95.83,97.4,15.0,4.0,11190.0,96.55882,112.4883,136.19,0.041863542000000004,0.33059916,6.0,1160.5358,36.0,0.9667,0.9583,37.0,1115.0,131.78
125.19,101.36,96.04,17.0,2.0,20560.0,106.5381,116.6878,91.83,0.35605624,0.80390644,13.0,911.1111,21.0,0.95,0.9833,37.0,1520.0,127.41
75.17,85.24,99.19,6.0,13.0,3854.0,70.66,91.24,90.33,0.22936355,0.38737,4.0,1004.6607,110.0,0.8167,0.8417,31.0,1295.75,93.3
117.41,96.84,81.23,22.0,0.0,33413.5,116.8141,124.5888,109.72,0.6289729000000001,0.7102866999999999,23.0,1576.6666,9.0,0.9833,0.9833,33.0,1397.25,102.63
114.88,113.04,106.31,18.0,1.0,15485.5,103.37,118.1,103.51,0.5712906,0.7328127,20.0,1193.8125,17.0,0.9667,0.9083,37.0,1572.5,112.66
134.81,115.15,120.14,20.0,0.0,18921.5,105.62,108.08,116.82,0.12233229,0.21367209,14.0,972.07794,19.0,0.9667,0.9917,37.0,1642.5,102.63
93.58,102.77,94.31,15.0,4.0,11260.0,117.7711,106.2763,86.51,0.31985834,0.7640627,15.0,1330.0,24.0,0.95,0.9083,35.0,1582.5,93.3
99.86,101.2,94.61,20.0,0.0,16735.0,109.1166,89.55637,86.51,0.117644794,0.39609396,9.0,1108.5714,37.0,0.9667,0.975,37.0,1455.0,97.6
134.81,113.07,109.61,19.0,0.0,14340.0,119.1813,127.1674,144.44,0.08860833,0.30364603,18.0,702.8571,17.0,1.0,1.0,35.0,1855.0,122.75
92.51,108.85,86.06,21.0,0.0,14659.0,99.07303,104.1861,122.43,0.405275,0.7734376999999999,14.0,1334.7032,30.0,0.9833,0.9333,38.0,1207.5,102.63
95.26,109.72,111.44,7.0,12.0,3090.0,120.7848,95.42813000000001,111.48,0.35162917,0.85078144,16.0,728.125,18.0,0.9333,0.9917,39.0,1190.0,102.63
94.89,115.41,112.02,23.0,0.0,15230.0,126.6145,133.8846,119.1,0.83912915,0.8914065000000001,19.0,833.75,12.0,0.95,0.9583,29.0,1382.5,122.75
114.88,115.13,108.23,10.0,9.0,4060.0,114.5593,98.15876999999999,122.43,0.1834,0.5704429,16.0,1500.7053,20.0,0.9833,0.9833,33.0,1460.0,112.66
106.3,114.71,108.0,10.0,9.0,4040.0,111.4849,97.76701,109.72,0.07532708,0.48463562,17.0,841.25,19.0,0.9833,0.9667,39.0,1390.0,112.66
98.19,106.53,95.15,21.0,0.0,20680.0,121.6778,115.3143,63.93,0.050717708,0.51328146,19.0,862.0,13.0,0.95,0.9667,34.0,1789.75,112.66
109.02,96.42,87.78,18.0,1.0,14489.0,119.8981,105.2944,100.43,0.092775,0.50807315,11.0,1229.9,27.0,0.9,0.9583,35.0,1267.5,107.32
104.62,112.93,104.93,21.0,0.0,23109.0,89.9246,109.119,105.92,0.051629167000000004,0.09882833,21.0,1328.75,11.0,1.0,1.0,31.0,1510.0,102.63
92.51,105.37,98.55,13.0,6.0,5920.0,102.5925,105.3957,120.69,0.14642084,0.3843752,12.0,813.3182,23.0,0.8333,0.95,35.0,1240.0,112.66
118.72,97.18,106.22,11.0,8.0,6880.0,85.59,113.19,93.28,0.09772292,0.1733075,14.0,1501.0358,26.0,0.9,0.9583,31.0,1522.0,102.63
100.63,109.4,104.61,15.0,4.0,7650.0,110.43,106.65,121.98,0.070769794,0.08502625,7.0,1291.25,46.0,0.95,0.925,37.0,1575.0,84.01
109.02,98.49,106.83,11.0,8.0,4540.0,82.53542,101.7342,93.58,0.13912916,0.10963562,11.0,1002.7273,28.0,0.95,0.9083,37.0,1270.0,84.01
84.96,109.84,94.47,18.0,1.0,19915.0,121.5218,111.5783,80.03,0.27910313,0.5282554,14.0,926.74603,27.0,1.0,0.9917,38.0,1615.0,112.66
134.81,86.71,88.36,10.0,9.0,4214.5,120.2398,110.4573,91.83,0.24694167,0.80234396,24.0,1470.507,8.0,0.9833,0.9833,31.0,2049.25,102.63
100.46,108.27,105.39,19.0,0.0,22602.0,88.74304000000001,97.06145,133.66,0.26178542,0.7500001999999999,21.0,958.625,11.0,1.0,0.9583,34.0,1928.0,88.33
86.85,103.68,93.62,15.0,4.0,19000.0,121.0029,119.6144,100.43,0.15215,0.6274742,13.0,1134.4445,30.0,0.9167,0.9667,39.0,1307.5,97.6
125.19,100.76,105.02,14.0,5.0,11460.0,124.2434,128.7012,115.61,0.30280104,0.80091166,21.0,925.4545,16.0,0.9667,0.9667,39.0,1310.0,112.66
114.0,109.17,87.58,15.0,4.0,11469.0,113.8722,100.5589,131.33,0.04733229,0.04687521,19.0,1446.125,18.0,0.95,0.95,35.0,1280.0,93.3
91.68,103.06,99.98,7.0,12.0,4760.0,83.59125,88.21137,86.51,0.08379062,0.117578335,6.0,1019.2143,46.0,0.9333,0.9167,28.0,1732.5,93.3
134.81,105.05,119.02,21.0,0.0,8810.0,116.1211,117.1489,129.86,0.1942073,0.38203147,16.0,1175.0,21.0,0.9833,0.9833,36.0,1585.0,112.66
76.87,113.49,110.99,20.0,0.0,27241.0,105.45,91.51,89.54,0.11048333,0.5234377,19.0,1674.0,18.0,1.0,0.9917,32.0,1951.75,84.01
106.96,111.19,106.65,14.0,5.0,8369.0,101.26899999999999,117.6954,134.92,0.07597812,0.18906271,11.0,1281.4615,34.0,0.9833,0.95,30.0,1574.5,117.24
98.19,90.37,100.58,10.0,9.0,7500.0,112.1883,106.1998,90.05,0.19655104,0.7656251999999999,13.0,975.7143,25.0,1.0,0.9417,37.0,1407.5,93.3
104.28,95.05,104.52,17.0,2.0,10030.0,119.2171,124.2013,124.42,0.09225417,0.33190125,16.0,946.1629,17.0,0.9833,0.975,38.0,1665.0,107.32
90.6,107.48,114.87,9.0,10.0,3050.0,124.81,131.62,116.88,0.1318375,0.6790366999999999,14.0,763.8571,19.0,1.0,0.9333,38.0,1520.0,140.86
71.85,85.95,107.01,10.0,9.0,5500.0,102.4372,118.5611,105.92,0.0880875,0.43750020000000006,13.0,659.0,30.0,0.95,0.9417,38.0,1470.0,93.3
110.21,94.4,103.56,19.0,0.0,15341.0,74.17971,88.73827,80.03,0.31569168,0.7796877,14.0,971.8680400000001,48.0,0.9667,0.9667,33.0,1562.5,84.01
113.29,121.37,113.36,19.0,0.0,11770.0,113.6388,108.4491,137.66,0.35423332,0.18372416,19.0,1048.5714,14.0,1.0,0.95,38.0,1190.0,127.41
86.13,104.61,104.44,9.0,10.0,7389.0,102.2126,107.0454,131.33,0.045379166,0.12083354,12.0,1849.375,41.0,0.9833,0.9417,25.0,1550.0,88.33
95.75,95.22,82.28,14.0,5.0,10135.0,85.99521999999999,89.85418,96.97,0.05618646,0.36106792,8.0,892.375,37.0,0.95,0.9917,37.0,1537.5,102.63
111.31,81.23,72.42,15.0,4.0,11930.0,89.89461999999999,100.0683,81.57,0.98444164,0.9843752,10.0,1032.625,37.0,0.9833,0.8833,33.0,1604.75,84.01
134.81,103.18,108.43,22.0,0.0,31147.0,113.2848,101.4599,111.48,0.24837396,0.28359395,18.0,1325.5793,20.0,1.0,0.9833,39.0,1335.0,131.78
120.31,98.82,98.07,19.0,0.0,30669.0,88.33678,84.4967,129.86,0.5001969,0.8281252,12.0,1101.0,25.0,0.95,0.9333,35.0,1482.25,107.32
114.88,100.11,95.77,20.0,0.0,29521.0,102.6477,98.55214000000001,84.87,0.08743646,0.35195333,16.0,1615.0714,15.0,0.9833,0.95,34.0,1420.0,102.63
101.54,96.79,96.09,16.0,3.0,17488.0,78.4646,94.90015,90.05,0.31543124,0.13619812,5.0,1518.75,60.0,0.9667,0.975,33.0,1421.25,88.33
94.2,102.87,91.81,7.0,12.0,5336.0,80.45,76.3,91.27,0.08730625,0.9843752,14.0,791.05457,33.0,0.9333,0.95,31.0,2141.25,75.82
84.96,99.11,92.39,22.0,0.0,13774.0,120.7966,107.3849,122.43,0.14069167,0.4813804,20.0,920.125,15.0,0.9333,0.9583,36.0,1185.0,112.66
134.81,111.22,111.44,15.0,4.0,11949.0,124.2675,133.1783,100.43,0.27545729999999996,0.36914083,16.0,1442.5454,17.0,0.95,1.0,38.0,1529.75,93.3
100.63,101.47,102.63,12.0,7.0,4584.5,116.3591,125.5443,126.24,0.82285315,0.8687502,14.0,1806.75,28.0,0.9833,0.9333,36.0,1460.0,93.3
125.19,113.34,101.9,23.0,0.0,22972.0,105.88,105.36,105.46,0.2880875,0.7468752,17.0,1800.0,15.0,1.0,0.9833,34.0,1890.5,107.32
97.83,104.73,101.84,21.0,0.0,22151.0,118.44,99.21,93.52,0.08444167,0.6136720999999999,12.0,1356.3036,27.0,0.9167,0.9583,35.0,1455.0,102.63
134.81,99.46,113.15,22.0,0.0,14968.5,113.8734,126.0032,131.33,0.20436354,0.1826825,22.0,693.0315,8.0,0.9833,0.9417,36.0,1507.5,131.78
117.41,104.06,93.62,19.0,0.0,24000.0,121.67,126.46,90.44,0.32949376,0.5559898,15.0,1181.25,23.0,0.9833,0.9667,36.0,1777.5,112.66
116.37,111.85,105.98,21.0,0.0,27478.0,91.07587,99.82166,128.38,0.16438958,0.17135437,15.0,897.1429,21.0,0.95,0.975,37.0,1692.25,102.63
134.81,112.41,101.84,15.0,4.0,11091.0,90.5,98.52,114.0,0.036785416,0.062239792,13.0,960.0,22.0,0.9833,0.9833,38.0,1978.0,131.78
93.58,99.76,93.96,22.0,0.0,14238.5,113.0837,119.2194,117.3,0.14550938,0.33776063,13.0,911.9,24.0,0.9667,0.9583,34.0,1442.5,107.32
125.19,112.47,98.63,14.0,5.0,7585.0,91.14383000000001,106.6194,78.35,0.3616552,0.9160158000000002,12.0,930.15875,30.0,0.9833,0.9167,38.0,1547.5,97.6
117.41,86.28,90.27,23.0,0.0,22711.0,115.6668,126.4966,73.5,0.436525,0.8923179,18.0,1035.3792,18.0,0.8667,0.9667,34.0,1627.75,112.66
113.29,99.2,99.38,15.0,4.0,5100.0,106.3234,121.2275,126.24,0.3645198,0.7765626999999999,10.0,1498.2858,45.0,0.95,0.9417,38.0,1440.0,112.66
82.66,104.15,110.49,18.0,1.0,14091.0,90.0,90.14,100.98,0.19694167,0.26822937,23.0,1287.7778,11.0,0.9333,0.95,33.0,2092.5,117.24
78.41,110.3,94.77,22.0,0.0,27010.0,103.1476,110.7401,102.2,0.16569167,0.28437522,16.0,1399.375,21.0,1.0,0.925,38.0,1260.0,102.63
86.89,84.13,84.13,21.0,0.0,32218.0,108.9795,108.6076,91.83,0.33561355,0.79166687,11.0,1609.8572,42.0,0.8833,0.975,34.0,1939.75,93.3
107.41,84.15,84.81,15.0,4.0,8939.0,112.1175,107.3107,100.43,0.29394686,0.3406252,1.0,792.8571,69.0,1.0,0.9833,36.0,1790.0,107.32
114.88,82.67,82.21,18.0,1.0,23420.0,93.38748000000001,105.9305,73.5,0.5094417,0.7929689,8.0,959.7159,38.0,0.95,0.975,38.0,1557.5,84.01
118.72,101.59,106.65,18.0,1.0,18739.5,93.16592,101.9936,93.58,0.40162918,0.8515627,9.0,768.0,37.0,0.9667,1.0,36.0,1585.0,102.63
79.79,92.15,113.51,7.0,12.0,3810.0,87.43349,99.74625999999999,129.86,0.18079583,0.6171876999999999,17.0,742.8571,19.0,1.0,0.9667,33.0,1512.5,102.63
134.81,92.79,97.24,22.0,0.0,28651.0,108.28,110.03,79.48,0.44147292,0.6937502,12.0,1312.2142,29.0,0.9667,0.9833,40.0,1540.0,93.3
87.36,99.87,97.6,7.0,12.0,7250.0,105.1727,93.9433,90.05,0.049415626,0.08776063,15.0,1480.0,25.0,0.9833,0.9667,34.0,1820.0,102.63
120.31,109.92,110.08,15.0,4.0,11790.0,104.5807,99.89383000000001,80.03,0.081316665,0.42421895,13.0,934.4444599999999,33.0,0.9833,0.9917,32.0,1940.0,102.63
87.36,92.18,90.18,12.0,7.0,10174.5,90.56084,96.66481,73.5,0.4474625,0.8078126999999999,11.0,1258.625,29.0,0.8833,0.9917,36.0,1685.0,107.32
125.19,100.51,93.6,12.0,7.0,6760.0,117.28,110.92,88.92,0.4695979,0.58398455,11.0,918.7143,26.0,1.0,0.9583,36.0,1657.5,112.66
125.19,110.25,94.51,15.0,4.0,5870.0,105.52,131.62,93.72,0.26256666,0.5812501999999999,21.0,751.4286,11.0,0.9833,0.9917,33.0,2330.0,127.41
103.5,112.83,108.43,10.0,9.0,4383.5,119.66,124.62,97.76,0.047983332999999996,0.05312521,19.0,898.2857,15.0,0.9833,0.925,39.0,1079.5,122.75
120.31,108.48,121.54,14.0,5.0,6945.0,96.05547,120.3815,117.3,0.36738437,0.6625002,19.0,814.0,17.0,0.9833,0.925,34.0,2992.5,102.63
102.23,105.96,115.33,16.0,3.0,12974.5,110.5257,119.7733,134.92,0.50892085,0.73177105,16.0,737.5714,16.0,0.9833,0.9667,32.0,1335.0,102.63
97.13,106.02,94.13,16.0,3.0,17125.0,91.65493000000001,97.52122,83.22,0.29147290000000003,0.43476585,14.0,1098.3766,22.0,1.0,0.9333,38.0,1605.0,131.78
107.41,118.31,105.21,12.0,7.0,3243.0,123.7607,128.6968,144.06,0.47649896,0.79739606,16.0,963.1307,18.0,1.0,0.975,33.0,1249.25,112.66
98.68,81.7,84.82,7.0,12.0,4690.0,95.05669,74.10113,75.06,0.41569167,0.2548179,6.0,884.9167,42.0,0.9167,0.8083,38.0,1832.5,84.01
110.21,100.24,99.55,18.0,1.0,12580.0,121.4322,120.6771,113.48,0.8688167,0.9843752,18.0,1536.4286,15.0,1.0,1.0,40.0,1537.5,93.3
103.34,88.76,82.28,22.0,0.0,36035.0,112.3068,113.44200000000001,73.5,0.07428542,0.7595054,9.0,1658.75,51.0,0.9333,0.9833,38.0,1595.0,93.3
79.79,95.83,84.82,8.0,11.0,6901.0,103.47,98.36,98.25,0.13001458,0.070703335,10.0,1476.4204,38.0,0.9667,0.95,37.0,1622.5,84.01
134.81,102.77,104.44,22.0,0.0,27420.0,130.8151,114.8731,134.92,0.49707186,0.78828144,17.0,1966.1538,19.0,0.9833,0.9917,38.0,1510.0,122.75
125.19,96.08,89.05,7.0,12.0,4489.0,102.9536,106.2769,88.33,0.022592708,0.12434917,14.0,977.63184,24.0,0.9667,0.95,35.0,1590.0,112.66
107.41,101.78,106.4,22.0,0.0,27052.5,108.15,104.75,110.4,0.48001459999999996,0.7533856,18.0,1410.3889,13.0,0.9833,0.9833,35.0,1570.75,102.63
114.88,105.35,102.32,17.0,2.0,20720.0,92.05086,127.4767,107.94,0.2611344,0.6765627,10.0,2194.3572,30.0,0.9667,0.9917,37.0,1512.5,107.32
113.29,110.35,118.46,9.0,10.0,3730.0,118.5382,116.1771,98.75,0.073504165,0.17187521,17.0,811.1111,19.0,0.9833,0.9167,35.0,1562.5,107.32
89.06,83.18,90.8,9.0,10.0,8560.0,79.81458,109.3524,63.93,0.14694166,0.08906270599999999,8.0,1115.6864,64.0,0.9833,0.9083,26.0,1380.0,84.01
96.62,90.09,85.86,15.0,4.0,7730.0,121.4059,117.5293,86.51,0.31673333,0.71328145,16.0,940.625,19.0,0.9833,0.9583,36.0,2020.0,127.41
117.41,112.69,109.17,13.0,6.0,7751.0,102.76,107.27,105.4,0.041863542000000004,0.1684898,18.0,1390.2598,17.0,1.0,0.9833,39.0,1340.0,102.63
112.28,102.48,111.91,16.0,3.0,9169.0,112.0045,112.9982,124.42,0.03730625,0.06406271,18.0,812.2625,18.0,1.0,0.9667,34.0,1305.0,107.32
134.81,98.78,117.47,20.0,0.0,38853.5,113.0566,123.1739,98.75,0.47584793,0.8984377,18.0,3255.6875,15.0,1.0,0.9417,40.0,1452.25,117.24
85.15,101.71,107.01,21.0,0.0,23781.0,109.28,108.83,118.46,0.23105624,0.50898457,21.0,1148.1818,10.0,1.0,0.9667,32.0,1620.0,102.63
103.95,93.73,88.7,21.0,0.0,19491.0,109.55,106.7,96.19,0.5175145999999999,0.7796877,16.0,1115.625,23.0,1.0,1.0,35.0,1720.0,122.75
125.19,110.36,107.23,20.0,0.0,23879.0,121.13,97.41,111.35,0.11725417,0.8196617,14.0,864.2143,26.0,0.9833,0.9667,36.0,1322.5,122.75
125.19,97.27,94.79,7.0,12.0,3170.0,86.59611,84.74355,142.58,0.11686354,0.10481792,14.0,815.875,29.0,0.9333,0.95,35.0,1415.0,102.63
74.95,101.83,109.17,21.0,0.0,34030.0,115.9363,114.8815,69.44,0.55722815,0.8968752000000001,20.0,773.5714,13.0,0.9167,0.875,37.0,1270.0,102.63
110.21,112.93,108.56,14.0,5.0,9105.0,130.9105,128.957,95.29,0.7360042,0.9500002000000001,15.0,1140.0,22.0,0.9833,0.9333,37.0,1412.5,107.32
116.37,94.7,89.72,11.0,8.0,5710.0,93.59605,88.21600000000001,107.94,0.096941665,0.12760438,8.0,1010.625,33.0,0.9333,0.95,37.0,1235.0,102.63
99.48,113.03,100.58,16.0,3.0,12745.0,85.31203000000001,90.69142,84.87,0.09511875,0.38723978,10.0,1452.8572,34.0,1.0,0.9667,36.0,1370.0,80.14
125.19,99.13,91.69,20.0,0.0,17241.0,112.8914,107.2811,102.2,0.49720207,0.76796895,13.0,816.6667,24.0,0.9667,0.9667,37.0,1284.25,107.32
103.5,107.22,111.49,14.0,5.0,16204.0,98.186,114.0972,93.58,0.21920729,0.402995,10.0,1122.4375,32.0,0.5667,1.0,39.0,1310.0,88.33
106.3,94.35,93.07,17.0,2.0,16390.0,91.29945,104.7666,91.83,0.524025,0.54739606,4.0,1287.9121,45.0,0.9667,0.9333,32.0,2150.0,93.3
97.83,101.75,115.89,24.0,0.0,25333.5,121.4358,115.3115,128.38,0.24563958,0.663021,19.0,1683.625,13.0,0.9167,0.9417,35.0,2112.0,93.3
134.81,106.36,103.17,24.0,0.0,14750.0,94.6021,105.9309,131.33,0.12923333,0.34869814,15.0,1274.0,20.0,0.9333,0.9667,35.0,1327.5,112.66
93.58,87.81,90.27,16.0,3.0,17801.0,99.26678000000001,105.5894,83.22,0.18326979999999998,0.9167970999999999,13.0,2751.4285,27.0,0.95,0.8917,37.0,1980.0,93.3
134.81,106.92,100.65,17.0,2.0,28810.0,119.9,104.76,102.45,0.17063959,0.5984377,14.0,1177.0536,25.0,0.9833,0.9917,30.0,2325.0,84.01
93.32,92.85,83.55,21.0,0.0,30859.0,98.82289,111.0406,78.35,0.449025,0.67239606,12.0,1632.0,21.0,0.9833,1.0,38.0,1887.5,112.66
86.89,83.54,95.56,12.0,7.0,19080.5,88.96639,98.42886,98.75,0.12024896,0.07604188,8.0,1411.3572,47.0,0.9833,0.9583,30.0,1830.0,84.01
98.31,118.65,104.87,23.0,0.0,14410.0,117.9142,144.6418,96.97,0.56686354,0.7812501999999999,14.0,1533.8392,23.0,1.0,0.9833,32.0,1600.0,102.63
134.81,105.78,98.16,23.0,0.0,22933.0,117.93,99.43,106.57,0.14537917,0.13046896,17.0,1013.9,17.0,0.9667,0.9667,37.0,1641.5,112.66
94.96,92.69,99.61,17.0,2.0,13660.0,86.5884,87.02403000000001,109.72,0.12233229,0.15325542,13.0,1186.25,29.0,0.95,0.9833,34.0,1445.0,97.6
93.58,84.72,94.61,11.0,8.0,10119.0,112.3477,97.04552,98.75,0.21829583,0.37148458,15.0,1018.4286,25.0,1.0,0.9917,40.0,1717.5,102.63
102.88,96.79,109.7,20.0,0.0,35635.0,101.2605,116.134,98.75,0.07688958,0.63046896,14.0,2697.5,19.0,0.95,0.95,33.0,1787.5,102.63
84.96,90.94,89.1,21.0,0.0,51977.0,113.58,113.17,90.69,0.5366552,0.9234377,14.0,1401.8125,28.0,0.9833,1.0,35.0,1582.5,112.66
82.55,95.52,99.61,19.0,0.0,23838.0,104.2317,105.2995,113.48,0.542775,0.9460940000000001,13.0,1581.125,26.0,0.8833,0.9917,38.0,1575.0,97.6
134.81,112.86,107.23,22.0,0.0,18009.0,114.1627,107.0446,143.88,0.26048332,0.3656252,13.0,1157.1428,23.0,0.9667,0.9833,34.0,1495.0,102.63
134.81,99.43,111.49,22.0,0.0,18938.5,117.8864,122.2386,105.92,0.5287125,0.8914065000000001,26.0,1126.1488,4.0,0.9833,0.9583,40.0,1235.0,140.86
111.31,103.76,111.67,10.0,9.0,6075.0,91.00412,76.41906,95.29,0.06256667,0.08828146,16.0,1118.3896,31.0,0.9833,0.95,34.0,1602.75,84.01
117.41,97.03,95.28,15.0,4.0,12779.0,112.3075,125.6791,109.72,0.18561354,0.49843770000000004,16.0,1046.8785,22.0,0.9833,0.9583,30.0,1315.0,107.32
73.49,91.6,86.29,6.0,13.0,5615.0,83.56979,77.66682,105.92,0.1426448,0.28020853,10.0,1453.9286,52.0,1.0,0.9917,37.0,1450.0,84.01
70.0,94.3,92.33,11.0,8.0,6569.0,101.1697,69.45302,71.99,0.28379062,0.7830731,20.0,1129.7084,14.0,0.9833,0.975,37.0,1579.5,84.01
109.02,101.78,98.63,19.0,0.0,20148.0,91.84423000000001,103.8943,102.2,0.1537125,0.43945333,18.0,636.1875,16.0,1.0,0.9583,35.0,1405.0,112.66
122.27,107.75,100.05,22.0,0.0,28635.0,116.6231,113.4018,107.94,0.67910314,0.6757814,13.0,1384.2858,23.0,0.9833,0.9833,38.0,2210.0,102.63
91.53,91.1,89.19,9.0,10.0,5410.0,98.39664,92.34583,109.72,0.0787125,0.15950541,5.0,1427.625,83.0,0.9667,0.975,30.0,3265.25,84.01
92.75,98.13,101.53,16.0,3.0,17690.5,103.9017,125.0625,98.75,0.5869156,0.9781252,24.0,1193.3466,6.0,0.9167,0.9833,31.0,1688.0,93.3
122.27,103.86,99.5,21.0,0.0,31189.0,122.1423,105.5709,120.69,0.71868646,0.9843752,20.0,1583.7357,16.0,0.9833,0.9917,37.0,1650.0,102.63
84.96,113.76,105.12,14.0,5.0,7505.0,109.7582,114.5042,104.04,0.3442073,0.36145854,18.0,1261.875,16.0,0.9,0.95,36.0,1475.0,107.32
